timestamp,frame,ear,mar,perclos,blink_rate,score,microsleep_duration,pose_pitch,pose_yaw,pose_roll,pose_score,eyes_reliable,alert_level
2026-05-02 01:11:27,0,0.2851,0.0351,0.0,,0.0,0.0,17.63,-5.59,-2.25,0.0,1,OK
2026-05-02 01:11:27,1,0.286,0.0185,0.0,,0.0,0.0,17.63,-5.59,-2.25,0.0,1,OK
2026-05-02 01:11:27,2,0.2929,0.0469,0.0,,0.0,0.0,18.24,-5.24,-2.55,0.0,1,OK
2026-05-02 01:11:27,3,0.3006,0.0206,0.0,,0.0,0.0,18.24,-5.24,-2.55,0.0,1,OK
2026-05-02 01:11:27,4,0.2948,0.0215,0.0,,0.0,0.0,16.76,-5.37,-1.91,0.0,1,OK
2026-05-02 01:11:27,5,0.293,0.0257,0.0,,0.0,0.0,16.76,-5.37,-1.91,0.0,1,OK
2026-05-02 01:11:27,6,0.2792,0.0172,0.0,,0.0,0.0,18.92,-5.29,-2.34,0.0,1,OK
2026-05-02 01:11:27,7,0.2898,0.0223,0.0,,0.0,0.0,18.92,-5.29,-2.34,0.0,1,OK
2026-05-02 01:11:27,8,0.2945,0.033,0.0,,0.0,0.0,17.84,-3.94,-2.24,0.0,1,OK
2026-05-02 01:11:27,9,0.2739,0.0265,0.0,,0.0,0.0,17.84,-3.94,-2.24,0.0,1,OK
2026-05-02 01:11:27,10,0.2914,0.0434,0.0,,0.0,0.0,17.01,-4.54,-2.69,0.0,1,OK
2026-05-02 01:11:27,11,0.2739,0.0214,0.0,,0.0,0.0,17.01,-4.54,-2.69,0.0,1,OK
2026-05-02 01:11:27,12,0.2794,0.0271,0.0,,0.0,0.0,16.85,-4.78,-2.16,0.0,1,OK
2026-05-02 01:11:27,13,0.2906,0.0103,0.0,,0.0,0.0,16.85,-4.78,-2.16,0.0,1,OK
2026-05-02 01:11:28,14,0.2697,0.0177,0.0,,0.0,0.0,19.59,-5.19,-2.19,0.0,1,OK
2026-05-02 01:11:28,15,0.284,0.0328,0.0,,0.0,0.0,19.59,-5.19,-2.19,0.0,1,OK
2026-05-02 01:11:28,16,0.3107,0.0235,0.0,,0.0,0.0,18.27,-5.45,-2.35,0.0,1,OK
2026-05-02 01:11:28,17,0.2877,0.022,0.0,,0.0,0.0,18.27,-5.45,-2.35,0.0,1,OK
2026-05-02 01:11:28,18,0.2778,0.0271,0.0,,0.0,0.0,18.85,-4.11,-2.53,0.0,1,OK
2026-05-02 01:11:28,19,0.2767,0.0196,0.0,,0.0,0.0,18.85,-4.11,-2.53,0.0,1,OK
2026-05-02 01:11:28,20,0.2866,0.0333,0.0,,0.0,0.0,18.01,-3.35,-1.82,0.0,1,OK
2026-05-02 01:11:28,21,0.2889,0.0182,0.0,,0.0,0.0,18.01,-3.35,-1.82,0.0,1,OK
2026-05-02 01:11:28,22,0.2842,0.0391,0.0,,0.0,0.0,20.24,-3.71,-2.29,0.0,1,OK
2026-05-02 01:11:28,23,0.2612,0.0207,0.0,,0.0,0.0,20.24,-3.71,-2.29,0.0,1,OK
2026-05-02 01:11:28,24,0.1965,0.0107,0.0,,0.77,0.033,16.94,-4.73,-2.94,0.0,1,OK
2026-05-02 01:11:28,25,0.2177,0.0206,0.0,,0.71,0.0,16.94,-4.73,-2.94,0.0,1,OK
2026-05-02 01:11:28,26,0.2654,0.0366,0.0,,0.66,0.0,18.49,-5.72,-1.96,0.0,1,OK
2026-05-02 01:11:28,27,0.277,0.0366,0.0,,0.6,0.0,18.49,-5.72,-1.96,0.0,1,OK
2026-05-02 01:11:28,28,0.2772,0.0221,0.0,,0.55,0.0,19.71,-4.65,-2.24,0.0,1,OK
2026-05-02 01:11:28,29,0.2908,0.0272,0.0,,0.51,0.0,19.71,-4.65,-2.24,0.0,1,OK
2026-05-02 01:11:28,30,0.2851,0.0348,0.0,,0.47,0.0,18.13,-3.24,-2.14,0.0,1,OK
2026-05-02 01:11:28,31,0.2757,0.0244,0.0,,0.43,0.0,18.13,-3.24,-2.14,0.0,1,OK
2026-05-02 01:11:28,32,0.2788,0.0364,0.0,,0.4,0.0,19.0,-5.04,-2.51,0.0,1,OK
2026-05-02 01:11:28,33,0.3025,0.0293,0.0,,0.37,0.0,19.0,-5.04,-2.51,0.0,1,OK
2026-05-02 01:11:28,34,0.2792,0.0269,0.0,,0.34,0.0,18.39,-4.59,-2.12,0.0,1,OK
2026-05-02 01:11:28,35,0.305,0.0153,0.0,,0.31,0.0,18.39,-4.59,-2.12,0.0,1,OK
2026-05-02 01:11:28,36,0.2946,0.0321,0.0,,0.28,0.0,17.96,-3.7,-2.11,0.0,1,OK
2026-05-02 01:11:28,37,0.2898,0.0323,0.0,,0.26,0.0,17.96,-3.7,-2.11,0.0,1,OK
2026-05-02 01:11:28,38,0.2994,0.016,0.0,,0.24,0.0,17.06,-4.1,-2.06,0.0,1,OK
2026-05-02 01:11:28,39,0.2868,0.034,0.0,,0.22,0.0,17.06,-4.1,-2.06,0.0,1,OK
2026-05-02 01:11:28,40,0.2738,0.0214,0.0,,0.2,0.0,16.8,-2.26,-2.12,0.0,1,OK
2026-05-02 01:11:28,41,0.2954,0.0258,0.0,,0.19,0.0,16.8,-2.26,-2.12,0.0,1,OK
2026-05-02 01:11:28,42,0.2866,0.0129,0.0,,0.17,0.0,19.41,-3.23,-2.3,0.0,1,OK
2026-05-02 01:11:28,43,0.2982,0.0116,0.0,,0.16,0.0,19.41,-3.23,-2.3,0.0,1,OK
2026-05-02 01:11:29,44,0.2939,0.0336,0.0,,0.15,0.0,18.48,-2.26,-2.39,0.0,1,OK
2026-05-02 01:11:29,45,0.2778,0.0328,0.0,,0.13,0.0,18.48,-2.26,-2.39,0.0,1,OK
2026-05-02 01:11:29,46,0.2808,0.0433,0.0,,0.12,0.0,16.89,-3.66,-2.59,0.0,1,OK
2026-05-02 01:11:29,47,0.2918,0.0379,0.0,,0.11,0.0,16.89,-3.66,-2.59,0.0,1,OK
2026-05-02 01:11:29,48,0.3036,0.0229,0.0,,0.1,0.0,16.2,-4.49,-1.96,0.0,1,OK
2026-05-02 01:11:29,49,0.2878,0.0243,0.0,,0.1,0.0,16.2,-4.49,-1.96,0.0,1,OK
2026-05-02 01:11:29,50,0.2868,0.0216,0.0,,0.09,0.0,15.08,-6.31,-2.12,0.0,1,OK
2026-05-02 01:11:29,51,0.294,0.0211,0.0,,0.08,0.0,15.08,-6.31,-2.12,0.0,1,OK
2026-05-02 01:11:29,52,0.2845,0.0181,0.0,,0.07,0.0,18.48,-3.84,-2.34,0.0,1,OK
2026-05-02 01:11:29,53,0.2804,0.0203,0.0,,0.07,0.0,18.48,-3.84,-2.34,0.0,1,OK
2026-05-02 01:11:29,54,0.2864,0.0326,0.0,,0.06,0.0,16.53,-6.28,-2.66,0.0,1,OK
2026-05-02 01:11:29,55,0.2576,0.0197,0.0,,0.06,0.0,16.53,-6.28,-2.66,0.0,1,OK
2026-05-02 01:11:29,56,0.2881,0.0208,0.0,,0.05,0.0,18.02,-5.91,-2.56,0.0,1,OK
2026-05-02 01:11:29,57,0.2649,0.013,0.0,,0.05,0.0,18.02,-5.91,-2.56,0.0,1,OK
2026-05-02 01:11:29,58,0.2576,0.0225,0.0,,0.05,0.0,18.48,-6.34,-2.32,0.0,1,OK
2026-05-02 01:11:29,59,0.2648,0.0259,0.0,,0.04,0.0,18.48,-6.34,-2.32,0.0,1,OK
2026-05-02 01:11:29,60,0.2538,0.0225,0.0,,0.04,0.0,15.83,-4.53,-1.54,0.0,1,OK
2026-05-02 01:11:29,61,0.2242,0.0199,0.0,,0.04,0.0,15.83,-4.53,-1.54,0.0,1,OK
2026-05-02 01:11:29,62,0.1944,0.0235,0.0,,0.94,0.033,16.77,-5.18,-2.31,0.0,1,OK
2026-05-02 01:11:29,63,0.1886,0.0305,0.0,,2.12,0.066,16.77,-5.18,-2.31,0.0,1,OK
2026-05-02 01:11:29,64,0.245,0.0182,0.0,,1.95,0.0,15.67,-5.3,-2.56,0.0,1,OK
2026-05-02 01:11:29,65,0.2614,0.0483,0.0,,1.79,0.0,15.67,-5.3,-2.56,0.0,1,OK
2026-05-02 01:11:29,66,0.2643,0.0292,0.0,,1.65,0.0,18.21,-6.57,-2.05,0.0,1,OK
2026-05-02 01:11:29,67,0.2613,0.0093,0.0,,1.52,0.0,18.21,-6.57,-2.05,0.0,1,OK
2026-05-02 01:11:29,68,0.2678,0.0134,0.0,,1.4,0.0,19.42,-5.79,-2.71,0.0,1,OK
2026-05-02 01:11:29,69,0.2679,0.0286,0.0,,1.28,0.0,19.42,-5.79,-2.71,0.0,1,OK
2026-05-02 01:11:29,70,0.2716,0.0218,0.0,,1.18,0.0,18.84,-4.57,-2.88,0.0,1,OK
2026-05-02 01:11:29,71,0.2715,0.0174,0.0,,1.09,0.0,18.84,-4.57,-2.88,0.0,1,OK
2026-05-02 01:11:29,72,0.2725,0.0329,0.0,,1.0,0.0,17.02,-3.86,-2.21,0.0,1,OK
2026-05-02 01:11:29,73,0.2757,0.0322,0.0,,0.92,0.0,17.02,-3.86,-2.21,0.0,1,OK
2026-05-02 01:11:30,74,0.2803,0.022,0.0,,0.85,0.0,17.97,-5.09,-2.27,0.0,1,OK
2026-05-02 01:11:30,75,0.2786,0.0102,0.0,,0.78,0.0,17.97,-5.09,-2.27,0.0,1,OK
2026-05-02 01:11:30,76,0.2799,0.0393,0.0,,0.72,0.0,16.14,-7.21,-2.88,0.0,1,OK
2026-05-02 01:11:30,77,0.2845,0.0323,0.0,,0.66,0.0,16.14,-7.21,-2.88,0.0,1,OK
2026-05-02 01:11:30,78,0.2894,0.0268,0.0,,0.61,0.0,15.79,-4.06,-2.49,0.0,1,OK
2026-05-02 01:11:30,79,0.2764,0.0254,0.0,,0.56,0.0,15.79,-4.06,-2.49,0.0,1,OK
2026-05-02 01:11:30,80,0.208,0.0173,0.0,,0.51,0.0,16.65,-3.25,-1.83,0.0,1,OK
2026-05-02 01:11:30,81,0.1782,0.0252,0.0,,2.36,0.033,16.65,-3.25,-1.83,0.0,1,OK
2026-05-02 01:11:30,82,0.1925,0.0159,0.0,,2.77,0.066,16.26,-5.18,-2.82,0.0,1,OK
2026-05-02 01:11:30,83,0.2222,0.0307,0.0,,2.55,0.0,16.26,-5.18,-2.82,0.0,1,OK
2026-05-02 01:11:30,84,0.2416,0.0372,0.0,,2.35,0.0,17.51,-8.22,-2.15,0.0,1,OK
2026-05-02 01:11:30,85,0.2531,0.0324,0.0,,2.16,0.0,17.51,-8.22,-2.15,0.0,1,OK
2026-05-02 01:11:30,86,0.2393,0.0233,0.0,,1.99,0.0,17.43,-5.37,-1.59,0.0,1,OK
2026-05-02 01:11:30,87,0.2718,0.0238,0.0,,1.83,0.0,17.43,-5.37,-1.59,0.0,1,OK
2026-05-02 01:11:30,88,0.2683,0.0354,0.0,,1.68,0.0,17.05,-5.67,-1.56,0.0,1,OK
2026-05-02 01:11:30,89,0.2555,0.0275,0.0,,1.55,0.0,17.05,-5.67,-1.56,0.0,1,OK
2026-05-02 01:11:30,90,0.2985,0.0253,0.0,,1.42,0.0,19.47,-6.95,-2.33,0.0,1,OK
2026-05-02 01:11:30,91,0.3119,0.0189,0.0,,1.31,0.0,19.47,-6.95,-2.33,0.0,1,OK
2026-05-02 01:11:30,92,0.3037,0.0194,0.0,,1.21,0.0,19.02,-4.11,-2.19,0.0,1,OK
2026-05-02 01:11:30,93,0.2987,0.0246,0.0,,1.11,0.0,19.02,-4.11,-2.19,0.0,1,OK
2026-05-02 01:11:30,94,0.307,0.0397,0.0,,1.02,0.0,18.2,-5.17,-2.18,0.0,1,OK
2026-05-02 01:11:30,95,0.3124,0.0162,0.0,,0.94,0.0,18.2,-5.17,-2.18,0.0,1,OK
2026-05-02 01:11:30,96,0.3076,0.0316,0.0,,0.86,0.0,19.58,-6.71,-2.4,0.0,1,OK
2026-05-02 01:11:30,97,0.3026,0.0148,0.0,,0.79,0.0,19.58,-6.71,-2.4,0.0,1,OK
2026-05-02 01:11:30,98,0.2969,0.0278,0.0,,0.73,0.0,20.35,-5.78,-2.39,0.0,1,OK
2026-05-02 01:11:30,99,0.3151,0.0218,0.0,,0.67,0.0,20.35,-5.78,-2.39,0.0,1,OK
2026-05-02 01:11:30,100,0.3104,0.0285,0.0,,0.62,0.0,19.41,-5.93,-2.65,0.0,1,OK
2026-05-02 01:11:30,101,0.3074,0.026,0.0,,0.57,0.0,19.41,-5.93,-2.65,0.0,1,OK
2026-05-02 01:11:30,102,0.2947,0.0215,0.0,,0.52,0.0,21.22,-6.03,-2.03,0.0,1,OK
2026-05-02 01:11:30,103,0.2939,0.0223,0.0,,0.48,0.0,21.22,-6.03,-2.03,0.0,1,OK
2026-05-02 01:11:31,104,0.2973,0.0242,0.0,,0.44,0.0,18.42,-4.19,-2.08,0.0,1,OK
2026-05-02 01:11:31,105,0.3029,0.0314,0.0,,0.41,0.0,18.42,-4.19,-2.08,0.0,1,OK
2026-05-02 01:11:31,106,0.3042,0.022,0.0,,0.38,0.0,19.02,-4.72,-2.25,0.0,1,OK
2026-05-02 01:11:31,107,0.2961,0.0279,0.0,,0.35,0.0,19.02,-4.72,-2.25,0.0,1,OK
2026-05-02 01:11:31,108,0.2939,0.0208,0.0,,0.32,0.0,19.0,-5.06,-2.28,0.0,1,OK
2026-05-02 01:11:31,109,0.3028,0.0231,0.0,,0.29,0.0,19.0,-5.06,-2.28,0.0,1,OK
2026-05-02 01:11:31,110,0.2863,0.0337,0.0,,0.27,0.0,19.36,-4.92,-2.14,0.0,1,OK
2026-05-02 01:11:31,111,0.2881,0.0185,0.0,,0.25,0.0,19.36,-4.92,-2.14,0.0,1,OK
2026-05-02 01:11:31,112,0.3065,0.0342,0.0,,0.23,0.0,18.16,-4.36,-2.21,0.0,1,OK
2026-05-02 01:11:31,113,0.3022,0.0227,0.0,,0.21,0.0,18.16,-4.36,-2.21,0.0,1,OK
2026-05-02 01:11:31,114,0.2961,0.0205,0.0,,0.2,0.0,18.55,-5.21,-2.12,0.06,1,OK
2026-05-02 01:11:31,115,0.2823,0.0191,0.0,,0.2,0.0,18.55,-5.21,-2.12,0.22,1,OK
2026-05-02 01:11:31,116,0.3033,0.0287,0.0,,0.2,0.0,17.94,-4.02,-1.7,0.12,1,OK
2026-05-02 01:11:31,117,0.2928,0.0221,0.0,,0.19,0.0,17.94,-4.02,-1.7,0.07,1,OK
2026-05-02 01:11:31,118,0.2931,0.0195,0.0,,0.18,0.0,18.92,-4.56,-2.39,0.04,1,OK
2026-05-02 01:11:31,119,0.3049,0.0207,0.0,,0.16,0.0,18.92,-4.56,-2.39,0.02,1,OK
2026-05-02 01:11:31,120,0.2846,0.0295,0.0,,0.15,0.0,18.71,-4.49,-2.16,0.01,1,OK
2026-05-02 01:11:31,121,0.2888,0.0326,0.0,,0.14,0.0,18.71,-4.49,-2.16,0.01,1,OK
2026-05-02 01:11:31,122,0.3031,0.0143,0.0,,0.13,0.0,17.6,-4.99,-2.31,0.0,1,OK
2026-05-02 01:11:31,123,0.2992,0.029,0.0,,0.12,0.0,17.6,-4.99,-2.31,0.0,1,OK
2026-05-02 01:11:31,124,0.2826,0.0161,0.0,,0.11,0.0,18.63,-5.32,-2.7,0.0,1,OK
2026-05-02 01:11:31,125,0.2778,0.0042,0.0,,0.1,0.0,18.63,-5.32,-2.7,0.0,1,OK
2026-05-02 01:11:31,126,0.2825,0.0244,0.0,,0.09,0.0,19.12,-5.84,-2.46,0.0,1,OK
2026-05-02 01:11:31,127,0.2962,0.0277,0.0,,0.08,0.0,19.12,-5.84,-2.46,0.0,1,OK
2026-05-02 01:11:31,128,0.2909,0.0281,0.0,,0.08,0.0,16.8,-5.97,-2.41,0.0,1,OK
2026-05-02 01:11:31,129,0.287,0.0213,0.0,,0.07,0.0,16.8,-5.97,-2.41,0.0,1,OK
2026-05-02 01:11:31,130,0.2894,0.0161,0.0,,0.07,0.0,18.34,-5.19,-2.44,0.0,1,OK
2026-05-02 01:11:31,131,0.2772,0.037,0.0,,0.06,0.0,18.34,-5.19,-2.44,0.0,1,OK
2026-05-02 01:11:31,132,0.2707,0.0451,0.0,,0.06,0.0,17.21,-4.95,-2.55,0.0,1,OK
2026-05-02 01:11:31,133,0.287,0.027,0.0,,0.05,0.0,17.21,-4.95,-2.55,0.0,1,OK
2026-05-02 01:11:32,134,0.2501,0.0317,0.0,,0.05,0.0,17.2,-5.33,-2.44,0.0,1,OK
2026-05-02 01:11:32,135,0.2705,0.0265,0.0,,0.04,0.0,17.2,-5.33,-2.44,0.0,1,OK
2026-05-02 01:11:32,136,0.2626,0.034,0.0,,0.04,0.0,19.94,-4.26,-2.13,0.0,1,OK
2026-05-02 01:11:32,137,0.2678,0.0307,0.0,,0.04,0.0,19.94,-4.26,-2.13,0.0,1,OK
2026-05-02 01:11:32,138,0.2825,0.0178,0.0,,0.03,0.0,18.2,-5.65,-2.92,0.0,1,OK
2026-05-02 01:11:32,139,0.2746,0.0219,0.0,,0.03,0.0,18.2,-5.65,-2.92,0.0,1,OK
2026-05-02 01:11:32,140,0.2655,0.0223,0.0,,0.03,0.0,18.29,-7.66,-3.05,0.0,1,OK
2026-05-02 01:11:32,141,0.2581,0.0226,0.0,,0.03,0.0,18.29,-7.66,-3.05,0.0,1,OK
2026-05-02 01:11:32,142,0.2681,0.0289,0.0,,0.02,0.0,17.78,-6.31,-2.46,0.0,1,OK
2026-05-02 01:11:32,143,0.2696,0.0326,0.0,,0.02,0.0,17.78,-6.31,-2.46,0.0,1,OK
2026-05-02 01:11:32,144,0.2719,0.0297,0.0,,0.02,0.0,17.91,-5.71,-2.46,0.0,1,OK
2026-05-02 01:11:32,145,0.2698,0.0169,0.0,,0.02,0.0,17.91,-5.71,-2.46,0.0,1,OK
2026-05-02 01:11:32,146,0.2522,0.0186,0.0,,0.02,0.0,17.7,-5.42,-2.23,0.0,1,OK
2026-05-02 01:11:32,147,0.2581,0.0255,0.0,,0.02,0.0,17.7,-5.42,-2.23,0.0,1,OK
2026-05-02 01:11:32,148,0.2802,0.0479,0.0,,0.01,0.0,15.8,-6.08,-2.63,0.0,1,OK
2026-05-02 01:11:32,149,0.2581,0.0304,0.0,,0.01,0.0,15.8,-6.08,-2.63,0.0,1,OK
2026-05-02 01:11:32,150,0.2681,0.0235,0.0,,0.01,0.0,18.56,-5.13,-1.77,0.0,1,OK
2026-05-02 01:11:32,151,0.2728,0.0311,0.0,,0.01,0.0,18.56,-5.13,-1.77,0.0,1,OK
2026-05-02 01:11:32,152,0.2644,0.0284,0.0,,0.01,0.0,19.15,-3.64,-2.21,0.0,1,OK
2026-05-02 01:11:32,153,0.2691,0.0265,0.0,,0.01,0.0,19.15,-3.64,-2.21,0.0,1,OK
2026-05-02 01:11:32,154,0.2713,0.0338,0.0,,0.01,0.0,16.67,-5.07,-2.32,0.0,1,OK
2026-05-02 01:11:32,155,0.2857,0.0309,0.0,,0.01,0.0,16.67,-5.07,-2.32,0.0,1,OK
2026-05-02 01:11:32,156,0.2851,0.0324,0.0,,0.01,0.0,19.92,-4.58,-2.74,0.0,1,OK
2026-05-02 01:11:32,157,0.2732,0.0229,0.0,,0.01,0.0,19.92,-4.58,-2.74,0.0,1,OK
2026-05-02 01:11:32,158,0.2804,0.0336,0.0,,0.01,0.0,18.38,-3.09,-2.69,0.0,1,OK
2026-05-02 01:11:32,159,0.2684,0.0196,0.0,,0.01,0.0,18.38,-3.09,-2.69,0.0,1,OK
2026-05-02 01:11:32,160,0.2604,0.0347,0.0,,0.01,0.0,18.5,-4.59,-1.98,0.0,1,OK
2026-05-02 01:11:32,161,0.2863,0.0422,0.0,,0.0,0.0,18.5,-4.59,-1.98,0.0,1,OK
2026-05-02 01:11:32,162,0.2696,0.0237,0.0,,0.0,0.0,19.8,-4.94,-2.17,0.0,1,OK
2026-05-02 01:11:32,163,0.2751,0.0436,0.0,,0.0,0.0,19.8,-4.94,-2.17,0.0,1,OK
2026-05-02 01:11:33,164,0.2903,0.0203,0.0,,0.0,0.0,20.6,-3.6,-2.74,0.0,1,OK
2026-05-02 01:11:33,165,0.2614,0.0328,0.0,,0.0,0.0,20.6,-3.6,-2.74,0.0,1,OK
2026-05-02 01:11:33,166,0.2644,0.0286,0.0,,0.0,0.0,18.86,-6.54,-2.97,0.0,1,OK
2026-05-02 01:11:33,167,0.2721,0.0326,0.0,,0.0,0.0,18.86,-6.54,-2.97,0.0,1,OK
2026-05-02 01:11:33,168,0.2884,0.0266,0.0,,0.0,0.0,26.11,-7.13,-2.43,0.0,1,OK
2026-05-02 01:11:33,169,0.2631,0.0212,0.0,,0.0,0.0,26.11,-7.13,-2.43,0.0,1,OK
2026-05-02 01:11:33,170,0.267,0.0408,0.0,,0.0,0.0,22.21,-3.06,-2.44,0.0,1,OK
2026-05-02 01:11:33,171,0.2697,0.0312,0.0,,0.0,0.0,22.21,-3.06,-2.44,0.0,1,OK
2026-05-02 01:11:33,172,0.2713,0.0363,0.0,,0.0,0.0,24.14,-4.79,-2.12,0.0,1,OK
2026-05-02 01:11:33,173,0.2548,0.0318,0.0,,0.0,0.0,24.14,-4.79,-2.12,0.0,1,OK
2026-05-02 01:11:33,174,0.2621,0.0293,0.0,,0.0,0.0,23.77,-4.63,-2.03,0.0,1,OK
2026-05-02 01:11:33,175,0.2601,0.0384,0.0,,0.0,0.0,23.77,-4.63,-2.03,0.0,1,OK
2026-05-02 01:11:33,176,0.2628,0.0222,0.0,,0.0,0.0,21.07,-4.93,-0.87,0.0,1,OK
2026-05-02 01:11:33,177,0.2562,0.039,0.0,,0.0,0.0,21.07,-4.93,-0.87,0.0,1,OK
2026-05-02 01:11:33,178,0.2875,0.0547,0.0,,0.0,0.0,-0.74,4.18,-0.66,0.0,1,OK
2026-05-02 01:11:33,179,0.2609,0.0403,0.0,,0.0,0.0,-0.74,4.18,-0.66,0.0,1,OK
2026-05-02 01:11:33,180,0.2724,0.0237,0.0,,0.0,0.0,21.47,-2.73,-1.24,0.0,1,OK
2026-05-02 01:11:33,181,0.2701,0.0291,0.0,,0.0,0.0,21.47,-2.73,-1.24,0.0,1,OK
2026-05-02 01:11:33,182,0.2733,0.0464,0.0,,0.0,0.0,2.55,4.96,-0.64,0.0,1,OK
2026-05-02 01:11:33,183,0.2667,0.0316,0.0,,0.0,0.0,2.55,4.96,-0.64,0.0,1,OK
2026-05-02 01:11:33,184,0.2642,0.0516,0.0,,0.0,0.0,1.65,5.94,-0.23,0.0,1,OK
2026-05-02 01:11:33,185,0.2734,0.0376,0.0,,0.0,0.0,1.65,5.94,-0.23,0.0,1,OK
2026-05-02 01:11:33,186,0.253,0.0228,0.0,,0.0,0.0,18.32,-4.09,-0.37,0.0,1,OK
2026-05-02 01:11:33,187,0.282,0.0409,0.0,,0.0,0.0,18.32,-4.09,-0.37,0.0,1,OK
2026-05-02 01:11:33,188,0.2507,0.0239,0.0,,0.0,0.0,17.63,-3.54,1.08,0.0,1,OK
2026-05-02 01:11:33,189,0.2671,0.0206,0.0,,0.0,0.0,17.63,-3.54,1.08,0.0,1,OK
2026-05-02 01:11:33,190,0.273,0.0146,0.0,,0.0,0.0,16.65,-2.9,2.41,0.0,1,OK
2026-05-02 01:11:33,191,0.2598,0.0307,0.0,,0.0,0.0,16.65,-2.9,2.41,0.0,1,OK
2026-05-02 01:11:33,192,0.2695,0.03,0.0,,0.0,0.0,25.59,-2.18,4.39,0.0,1,OK
2026-05-02 01:11:33,193,0.2984,0.0126,0.0,,0.0,0.0,25.59,-2.18,4.39,0.0,1,OK
2026-05-02 01:11:34,194,0.304,0.0275,0.0,,0.0,0.0,16.72,-6.66,3.54,0.0,1,OK
2026-05-02 01:11:34,195,0.2426,0.0522,0.0,,0.0,0.0,16.72,-6.66,3.54,0.0,1,OK
2026-05-02 01:11:34,196,0.2522,0.0254,0.0,,0.0,0.0,18.72,-6.52,3.51,0.0,1,OK
2026-05-02 01:11:34,197,0.2534,0.0388,0.0,,0.0,0.0,18.72,-6.52,3.51,0.0,1,OK
2026-05-02 01:11:34,198,0.2479,0.0485,0.0,,0.0,0.0,15.8,-7.3,3.36,0.0,1,OK
2026-05-02 01:11:34,199,0.2593,0.0154,0.0,,0.0,0.0,15.8,-7.3,3.36,0.0,1,OK
2026-05-02 01:11:34,200,0.2627,0.0373,0.0,,0.0,0.0,26.67,-8.62,2.86,0.0,1,OK
2026-05-02 01:11:34,201,0.2481,0.0208,0.0,,0.0,0.0,26.67,-8.62,2.86,0.0,1,OK
2026-05-02 01:11:34,202,0.2689,0.012,0.0,,0.0,0.0,31.14,-8.84,1.87,0.0,1,OK
2026-05-02 01:11:34,203,0.2651,0.0353,0.0,,0.0,0.0,31.14,-8.84,1.87,0.0,1,OK
2026-05-02 01:11:34,204,0.2832,0.0409,0.0,,0.0,0.0,22.62,-6.42,3.3,0.0,1,OK
2026-05-02 01:11:34,205,0.2655,0.0201,0.0,,0.0,0.0,22.62,-6.42,3.3,0.0,1,OK
2026-05-02 01:11:34,206,0.2798,0.0257,0.0,,0.0,0.0,23.5,-7.14,2.27,0.0,1,OK
2026-05-02 01:11:34,207,0.2529,0.0435,0.0,,0.0,0.0,23.5,-7.14,2.27,0.0,1,OK
2026-05-02 01:11:34,208,0.2615,0.0204,0.0,,0.0,0.0,25.2,-7.79,2.92,0.0,1,OK
2026-05-02 01:11:34,209,0.2428,0.0239,0.0,,0.0,0.0,25.2,-7.79,2.92,0.0,1,OK
2026-05-02 01:11:34,210,0.2503,0.0379,0.0,,0.0,0.0,25.82,-8.78,2.67,0.0,1,OK
2026-05-02 01:11:34,211,0.2629,0.0158,0.0,,0.0,0.0,25.82,-8.78,2.67,0.0,1,OK
2026-05-02 01:11:34,212,0.2448,0.0241,0.0,,0.0,0.0,28.78,-5.86,2.19,0.0,1,OK
2026-05-02 01:11:34,213,0.2945,0.0235,0.0,,0.0,0.0,28.78,-5.86,2.19,0.0,1,OK
2026-05-02 01:11:34,214,0.2785,0.0312,0.0,,0.0,0.0,30.81,-8.73,1.73,0.0,1,OK
2026-05-02 01:11:34,215,0.2627,0.021,0.0,,0.0,0.0,30.81,-8.73,1.73,0.0,1,OK
2026-05-02 01:11:34,216,0.2641,0.0317,0.0,,0.0,0.0,23.77,-8.89,4.22,0.0,1,OK
2026-05-02 01:11:34,217,0.23,0.0223,0.0,,0.0,0.0,23.77,-8.89,4.22,0.0,1,OK
2026-05-02 01:11:34,218,0.261,0.0455,0.0,,0.0,0.0,22.52,-7.72,5.16,0.0,1,OK
2026-05-02 01:11:34,219,0.238,0.0246,0.0,,0.0,0.0,22.52,-7.72,5.16,0.0,1,OK
2026-05-02 01:11:34,220,0.2543,0.0232,0.0,,0.0,0.0,25.66,-3.95,4.09,0.0,1,OK
2026-05-02 01:11:34,221,0.3111,0.0398,0.0,,0.0,0.0,25.66,-3.95,4.09,0.0,1,OK
2026-05-02 01:11:34,222,0.2543,0.0338,0.0,,0.0,0.0,23.51,-5.49,4.3,0.0,1,OK
2026-05-02 01:11:34,223,0.2281,0.0271,0.0,,0.0,0.0,23.51,-5.49,4.3,0.0,1,OK
2026-05-02 01:11:35,224,0.2672,0.0409,0.0,,0.0,0.0,17.42,-5.45,2.02,0.0,1,OK
2026-05-02 01:11:35,225,0.2587,0.0351,0.0,,0.0,0.0,17.42,-5.45,2.02,0.0,1,OK
2026-05-02 01:11:35,226,0.2564,0.0607,0.0,,0.0,0.0,17.73,-5.72,2.87,0.0,1,OK
2026-05-02 01:11:35,227,0.2447,0.0541,0.0,,0.0,0.0,17.73,-5.72,2.87,0.0,1,OK
2026-05-02 01:11:35,228,0.2543,0.038,0.0,,0.0,0.0,18.09,-2.31,3.11,0.0,1,OK
2026-05-02 01:11:35,229,0.2424,0.0278,0.0,,0.0,0.0,18.09,-2.31,3.11,0.0,1,OK
2026-05-02 01:11:35,230,0.2321,0.0234,0.0,,0.0,0.0,18.77,-3.37,1.46,0.0,1,OK
2026-05-02 01:11:35,231,0.2362,0.0382,0.0,,0.0,0.0,18.77,-3.37,1.46,0.0,1,OK
2026-05-02 01:11:35,232,0.2542,0.0334,0.0,,0.0,0.0,16.13,-3.76,2.99,0.0,1,OK
2026-05-02 01:11:35,233,0.2541,0.0329,0.0,,0.0,0.0,16.13,-3.76,2.99,0.0,1,OK
2026-05-02 01:11:35,234,0.2264,0.0395,0.0,,0.0,0.0,15.96,-6.37,3.97,0.0,1,OK
2026-05-02 01:11:35,235,0.244,0.0437,0.0,,0.0,0.0,15.96,-6.37,3.97,0.0,1,OK
2026-05-02 01:11:35,236,0.2701,0.0533,0.0,,0.0,0.0,1.14,8.46,2.13,0.0,1,OK
2026-05-02 01:11:35,237,0.2422,0.0436,0.0,,0.0,0.0,1.14,8.46,2.13,0.0,1,OK
2026-05-02 01:11:35,238,0.2214,0.0466,0.0,,0.0,0.0,15.47,-2.24,3.58,0.0,1,OK
2026-05-02 01:11:35,239,0.2388,0.0197,0.0,,0.0,0.0,15.47,-2.24,3.58,0.0,1,OK
2026-05-02 01:11:35,240,0.231,0.0387,0.0,,0.0,0.0,13.51,-3.25,3.7,0.0,1,OK
2026-05-02 01:11:35,241,0.2262,0.0116,0.0,,0.0,0.0,13.51,-3.25,3.7,0.0,1,OK
2026-05-02 01:11:35,242,0.2149,0.0345,0.0,,0.0,0.0,17.77,-5.12,3.8,0.0,1,OK
2026-05-02 01:11:35,243,0.2309,0.0348,0.0,,0.0,0.0,17.77,-5.12,3.8,0.0,1,OK
2026-05-02 01:11:35,244,0.2673,0.0319,0.0,,0.0,0.0,18.38,-3.77,4.9,0.0,1,OK
2026-05-02 01:11:35,245,0.2416,0.0411,0.0,,0.0,0.0,18.38,-3.77,4.9,0.0,1,OK
2026-05-02 01:11:35,246,0.2309,0.0295,0.0,,0.0,0.0,14.5,-0.94,4.62,0.0,1,OK
2026-05-02 01:11:35,247,0.2679,0.0366,0.0,,0.0,0.0,14.5,-0.94,4.62,0.0,1,OK
2026-05-02 01:11:35,248,0.2536,0.0681,0.0,,0.0,0.0,-3.06,7.78,3.52,0.0,1,OK
2026-05-02 01:11:35,249,0.2516,0.0476,0.0,,0.0,0.0,-3.06,7.78,3.52,0.0,1,OK
2026-05-02 01:11:35,250,0.2366,0.0419,0.0,,0.0,0.0,16.7,-3.58,4.43,0.0,1,OK
2026-05-02 01:11:35,251,0.2649,0.0455,0.0,,0.0,0.0,16.7,-3.58,4.43,0.0,1,OK
2026-05-02 01:11:35,252,0.2429,0.0551,0.0,,0.0,0.0,15.53,-0.91,4.4,0.0,1,OK
2026-05-02 01:11:35,253,0.2434,0.0433,0.0,,0.0,0.0,15.53,-0.91,4.4,0.0,1,OK
2026-05-02 01:11:35,254,0.2455,0.047,0.0,,0.0,0.0,16.26,-5.03,3.7,0.0,1,OK
2026-05-02 01:11:36,255,0.262,0.0576,0.0,,0.0,0.0,16.26,-5.03,3.7,0.0,1,OK
2026-05-02 01:11:36,256,0.2392,0.0373,0.0,,0.0,0.0,14.29,-0.82,3.92,0.0,1,OK
2026-05-02 01:11:36,257,0.2505,0.0271,0.0,,0.0,0.0,14.29,-0.82,3.92,0.0,1,OK
2026-05-02 01:11:36,258,0.2406,0.0224,0.0,,0.0,0.0,24.97,-3.96,4.0,0.0,1,OK
2026-05-02 01:11:36,259,0.2266,0.0444,0.0,,0.0,0.0,24.97,-3.96,4.0,0.0,1,OK
2026-05-02 01:11:36,260,0.256,0.032,0.0,,0.0,0.0,23.46,-3.74,3.74,0.0,1,OK
2026-05-02 01:11:36,261,0.2715,0.034,0.0,,0.0,0.0,23.46,-3.74,3.74,0.0,1,OK
2026-05-02 01:11:36,262,0.2582,0.0441,0.0,,0.0,0.0,21.8,-3.03,4.66,0.0,1,OK
2026-05-02 01:11:36,263,0.256,0.041,0.0,,0.0,0.0,21.8,-3.03,4.66,0.0,1,OK
2026-05-02 01:11:36,264,0.2414,0.0346,0.0,,0.0,0.0,4.96,11.62,3.78,0.0,1,OK
2026-05-02 01:11:36,265,0.2654,0.041,0.0,,0.0,0.0,4.96,11.62,3.78,0.0,1,OK
2026-05-02 01:11:36,266,0.2715,0.0369,0.0,,0.0,0.0,26.18,-4.73,4.33,0.0,1,OK
2026-05-02 01:11:36,267,0.2663,0.0319,0.0,,0.0,0.0,26.18,-4.73,4.33,0.0,1,OK
2026-05-02 01:11:36,268,0.245,0.0466,0.0,,0.0,0.0,20.86,-3.95,5.66,0.0,1,OK
2026-05-02 01:11:36,269,0.2401,0.0842,0.0,,0.0,0.0,20.86,-3.95,5.66,0.0,1,OK
2026-05-02 01:11:36,270,0.2412,0.0726,0.0,,0.0,0.0,18.54,-4.56,5.21,0.0,1,OK
2026-05-02 01:11:36,271,0.2203,0.0443,0.0,,0.0,0.0,18.54,-4.56,5.21,0.0,1,OK
2026-05-02 01:11:36,272,0.2576,0.0373,0.0,,0.0,0.0,19.3,-2.56,4.95,0.0,1,OK
2026-05-02 01:11:36,273,0.2645,0.0274,0.0,,0.0,0.0,19.3,-2.56,4.95,0.0,1,OK
2026-05-02 01:11:36,274,0.2496,0.0467,0.0,,0.0,0.0,25.68,-4.18,3.97,0.0,1,OK
2026-05-02 01:11:36,275,0.273,0.0592,0.0,,0.0,0.0,25.68,-4.18,3.97,0.0,1,OK
2026-05-02 01:11:36,276,0.2643,0.0387,0.0,,0.0,0.0,26.4,-4.32,3.06,0.0,1,OK
2026-05-02 01:11:36,277,0.24,0.0341,0.0,,0.0,0.0,26.4,-4.32,3.06,0.0,1,OK
2026-05-02 01:11:36,278,0.246,0.0605,0.0,,0.0,0.0,26.48,-4.65,2.72,0.0,1,OK
2026-05-02 01:11:36,279,0.2609,0.039,0.0,,0.0,0.0,26.48,-4.65,2.72,0.0,1,OK
2026-05-02 01:11:36,280,0.2627,0.0573,0.0,,0.0,0.0,25.64,-3.43,1.68,0.0,1,OK
2026-05-02 01:11:36,281,0.257,0.0236,0.0,,0.0,0.0,25.64,-3.43,1.68,0.0,1,OK
2026-05-02 01:11:36,282,0.2486,0.0549,0.0,,0.0,0.0,29.27,-4.46,0.27,0.0,1,OK
2026-05-02 01:11:36,283,0.2704,0.0713,0.0,,0.0,0.0,29.27,-4.46,0.27,0.0,1,OK
2026-05-02 01:11:37,284,0.2508,0.0509,0.0,,0.0,0.0,28.46,-3.95,0.19,0.0,1,OK
2026-05-02 01:11:37,285,0.2469,0.0406,0.0,,0.0,0.0,28.46,-3.95,0.19,0.0,1,OK
2026-05-02 01:11:37,286,0.2805,0.019,0.0,,0.0,0.0,28.56,-0.84,-0.99,0.0,1,OK
2026-05-02 01:11:37,287,0.2336,0.0281,0.0,,0.0,0.0,28.56,-0.84,-0.99,0.0,1,OK
2026-05-02 01:11:37,288,0.2544,0.0202,0.0,,0.0,0.0,27.77,-2.01,-0.79,0.0,1,OK
2026-05-02 01:11:37,289,0.2556,0.029,0.0,,0.0,0.0,27.77,-2.01,-0.79,0.0,1,OK
2026-05-02 01:11:37,290,0.2619,0.033,0.0,,0.04,0.0,31.32,2.24,-1.0,0.1,1,OK
2026-05-02 01:11:37,291,0.2513,0.0401,0.0,,0.11,0.0,31.32,2.24,-1.0,0.26,1,OK
2026-05-02 01:11:37,292,0.2735,0.0261,0.0,,0.25,0.0,30.15,-0.06,-2.79,0.49,1,OK
2026-05-02 01:11:37,293,0.2497,0.0345,0.0,,0.43,0.0,30.15,-0.06,-2.79,0.78,1,OK
2026-05-02 01:11:37,294,0.2734,0.0218,0.0,,0.66,0.0,31.32,-1.69,-1.72,1.1,1,OK
2026-05-02 01:11:37,295,0.274,0.0156,0.0,,0.94,0.0,31.32,-1.69,-1.72,1.46,1,OK
2026-05-02 01:11:37,296,0.276,0.0549,0.0,,1.26,0.0,28.01,-1.02,-3.11,1.85,1,OK
2026-05-02 01:11:37,297,0.2495,0.0661,0.0,,1.61,0.0,28.01,-1.02,-3.11,2.26,1,OK
2026-05-02 01:11:37,298,0.2681,0.02,0.0,,1.98,0.0,30.99,-2.02,-1.68,2.68,1,OK
2026-05-02 01:11:37,299,0.2595,0.017,0.0,,2.39,0.0,30.99,-2.02,-1.68,3.15,1,OK
2026-05-02 01:11:37,300,0.2609,0.0194,0.0,,2.83,0.0,29.7,-2.2,-1.67,3.63,1,OK
2026-05-02 01:11:37,301,0.2526,0.0413,0.0,,3.27,0.0,29.7,-2.2,-1.67,4.1,1,OK
2026-05-02 01:11:37,302,0.2764,0.0213,0.0,,3.73,0.0,27.02,-1.67,-2.33,4.58,1,OK
2026-05-02 01:11:37,303,0.2757,0.0458,0.0,,4.19,0.0,27.02,-1.67,-2.33,5.05,1,OK
2026-05-02 01:11:37,304,0.3058,0.0076,0.0,,4.64,0.0,33.65,-1.62,-2.16,5.46,1,OK
2026-05-02 01:11:37,305,0.2877,0.067,0.0,,5.08,0.0,33.65,-1.62,-2.16,5.89,1,OK
2026-05-02 01:11:37,306,0.2527,0.1007,0.0,,5.51,0.0,22.04,-4.76,-0.73,6.33,1,OK
2026-05-02 01:11:37,307,0.2793,0.0348,0.0,,5.95,0.0,22.04,-4.76,-0.73,6.77,1,OK
2026-05-02 01:11:37,308,0.2714,0.0257,0.0,,6.4,0.0,23.42,-3.74,-1.18,7.22,1,OK
2026-05-02 01:11:37,309,0.2423,0.0341,0.0,,6.84,0.0,23.42,-3.74,-1.18,7.67,1,OK
2026-05-02 01:11:37,310,0.2626,0.0124,0.0,,7.29,0.0,30.11,-3.53,-2.03,8.12,1,OK
2026-05-02 01:11:37,311,0.2773,0.0165,0.0,,7.74,0.0,30.11,-3.53,-2.03,8.58,1,OK
2026-05-02 01:11:37,312,0.2518,0.0429,0.0,,8.22,0.0,25.28,-3.04,1.01,9.1,1,OK
2026-05-02 01:11:37,313,0.25,0.0289,0.0,,8.71,0.0,25.28,-3.04,1.01,9.61,1,OK
2026-05-02 01:11:38,314,0.2701,0.0184,0.0,,9.2,0.0,24.72,-0.66,0.5,10.11,1,OK
2026-05-02 01:11:38,315,0.2503,0.0215,0.0,,9.69,0.0,24.72,-0.66,0.5,10.6,1,OK
2026-05-02 01:11:38,316,0.2578,0.0218,0.0,,10.18,0.0,26.61,-3.91,1.03,11.08,1,OK
2026-05-02 01:11:38,317,0.2659,0.0121,0.0,,10.64,0.0,26.61,-3.91,1.03,11.49,1,OK
2026-05-02 01:11:38,318,0.2919,0.0151,0.0,,11.08,0.0,27.31,-4.67,0.56,11.92,1,OK
2026-05-02 01:11:38,319,0.2611,0.0436,0.0,,11.53,0.0,27.31,-4.67,0.56,12.35,1,OK
2026-05-02 01:11:38,320,0.2672,0.0094,0.0,,11.97,0.0,25.31,-4.59,0.57,12.79,1,OK
2026-05-02 01:11:38,321,0.2536,0.0339,0.0,,12.41,0.0,25.31,-4.59,0.57,13.23,1,OK
2026-05-02 01:11:38,322,0.2619,0.0653,0.0,,12.86,0.0,20.73,-4.26,0.86,13.69,1,OK
2026-05-02 01:11:38,323,0.2475,0.0151,0.0,,13.31,0.0,20.73,-4.26,0.86,14.15,1,OK
2026-05-02 01:11:38,324,0.2843,0.0252,0.0,,13.76,0.0,26.74,-3.37,-0.1,14.6,1,OK
2026-05-02 01:11:38,325,0.2603,0.0254,0.0,,14.24,0.0,26.74,-3.37,-0.1,15.14,1,OK
2026-05-02 01:11:38,326,0.2384,0.0351,0.0,,14.74,0.0,25.26,-3.62,0.83,15.66,1,OK
2026-05-02 01:11:38,327,0.2623,0.0352,0.0,,15.24,0.0,25.26,-3.62,0.83,16.16,1,OK
2026-05-02 01:11:38,328,0.2552,0.0102,0.0,,15.73,0.0,27.47,-4.6,1.06,16.66,1,OK
2026-05-02 01:11:38,329,0.2833,0.0445,0.0,,16.2,0.0,27.47,-4.6,1.06,17.07,1,OK
2026-05-02 01:11:38,330,0.2526,0.0443,0.0,,16.65,0.0,26.13,-5.87,0.09,17.48,1,OK
2026-05-02 01:11:38,331,0.2675,0.0386,0.0,,17.09,0.0,26.13,-5.87,0.09,17.91,1,OK
2026-05-02 01:11:38,332,0.2559,0.0355,0.0,,17.53,0.0,28.55,-5.89,0.18,18.34,1,OK
2026-05-02 01:11:38,333,0.2599,0.0307,0.0,,17.96,0.0,28.55,-5.89,0.18,18.78,1,OK
2026-05-02 01:11:38,334,0.2633,0.0337,0.0,,18.41,0.0,28.07,-3.63,0.44,19.23,1,OK
2026-05-02 01:11:38,335,0.2521,0.02,0.0,,18.86,0.0,28.07,-3.63,0.44,19.69,1,OK
2026-05-02 01:11:38,336,0.261,0.0203,0.0,,19.31,0.0,29.62,-7.22,-0.16,20.15,1,OK
2026-05-02 01:11:38,337,0.2466,0.0386,0.0,,19.77,0.0,29.62,-7.22,-0.16,20.61,1,OK
2026-05-02 01:11:38,338,0.2569,0.0347,0.0,,20.26,0.0,23.9,-3.5,0.94,21.17,1,OK
2026-05-02 01:11:38,339,0.2719,0.0233,0.0,,20.77,0.0,23.9,-3.5,0.94,21.71,1,OK
2026-05-02 01:11:38,340,0.26,0.0294,0.0,,21.28,0.0,28.38,-6.62,0.88,22.22,1,OK
2026-05-02 01:11:38,341,0.2204,0.0284,0.0,,21.76,0.0,28.38,-6.62,0.88,22.67,1,OK
2026-05-02 01:11:38,342,0.2304,0.0536,0.0,,22.2,0.0,25.57,-5.25,0.57,23.0,1,OK
2026-05-02 01:11:38,343,0.2655,0.0368,0.0,,22.56,0.0,25.57,-5.25,0.57,23.25,1,OK
2026-05-02 01:11:39,344,0.2602,0.0509,0.0,,22.87,0.0,20.68,-4.07,0.66,23.44,1,OK
2026-05-02 01:11:39,345,0.2999,0.0497,0.0,,23.12,0.0,20.68,-4.07,0.66,23.58,1,OK
2026-05-02 01:11:39,346,0.2861,0.0284,0.0,,23.32,0.0,20.09,-5.18,0.68,23.68,1,OK
2026-05-02 01:11:39,347,0.2727,0.0333,0.0,,23.47,0.0,20.09,-5.18,0.68,23.76,1,OK
2026-05-02 01:11:39,348,0.284,0.0491,0.0,,23.59,0.0,17.93,-8.52,0.01,23.82,1,OK
2026-05-02 01:11:39,349,0.2851,0.0288,0.0,,23.59,0.0,17.93,-8.52,0.01,23.5,1,OK
2026-05-02 01:11:39,350,0.303,0.0465,0.0,,23.53,0.0,17.43,-4.54,1.1,22.88,1,OK
2026-05-02 01:11:39,351,0.2964,0.0389,0.0,,23.4,0.0,17.43,-4.54,1.1,21.95,1,OK
2026-05-02 01:11:39,352,0.2467,0.0509,0.0,,23.19,0.0,16.42,-8.78,-0.02,20.76,1,OK
2026-05-02 01:11:39,353,0.2527,0.0408,0.0,,22.89,0.0,16.42,-8.78,-0.02,19.37,1,OK
2026-05-02 01:11:39,354,0.2583,0.0324,0.0,,22.52,0.0,19.43,-8.61,0.26,18.31,1,OK
2026-05-02 01:11:39,355,0.2969,0.0301,0.0,,22.12,0.0,19.43,-8.61,0.26,17.47,1,OK
2026-05-02 01:11:39,356,0.2646,0.0412,0.0,,21.66,0.0,17.62,-5.73,0.88,16.37,1,OK
2026-05-02 01:11:39,357,0.2869,0.0243,0.0,,21.13,0.0,17.62,-5.73,0.88,15.05,1,OK
2026-05-02 01:11:39,358,0.2624,0.0471,0.0,,20.52,0.0,12.15,-7.06,0.66,13.56,1,OK
2026-05-02 01:11:39,359,0.2788,0.0424,0.0,,19.83,0.0,12.15,-7.06,0.66,11.92,1,OK
2026-05-02 01:11:39,360,0.2853,0.0351,0.0,,19.06,0.0,14.82,-7.09,-0.29,10.15,1,OK
2026-05-02 01:11:39,361,0.3006,0.0457,0.0,,17.98,0.0,14.82,-7.09,-0.29,5.58,1,OK
2026-05-02 01:11:39,362,0.2902,0.037,0.0,,16.79,0.0,16.3,-6.08,0.75,3.07,1,OK
2026-05-02 01:11:39,363,0.2776,0.0385,0.0,,15.58,0.0,16.3,-6.08,0.75,1.69,1,OK
2026-05-02 01:11:39,364,0.2833,0.0493,0.0,,14.41,0.0,11.35,-8.61,0.04,0.93,1,OK
2026-05-02 01:11:39,365,0.3038,0.0317,0.0,,13.3,0.0,11.35,-8.61,0.04,0.51,1,OK
2026-05-02 01:11:39,366,0.2866,0.0353,0.0,,12.26,0.0,11.71,-7.19,0.47,0.28,1,OK
2026-05-02 01:11:39,367,0.2927,0.0382,0.0,,11.29,0.0,11.71,-7.19,0.47,0.15,1,OK
2026-05-02 01:11:39,368,0.2717,0.0238,0.0,,10.39,0.0,16.72,-6.79,0.64,0.09,1,OK
2026-05-02 01:11:39,369,0.2921,0.0169,0.0,,9.56,0.0,16.72,-6.79,0.64,0.05,1,OK
2026-05-02 01:11:39,370,0.2956,0.0199,0.0,,8.8,0.0,13.09,-6.4,0.93,0.03,1,OK
2026-05-02 01:11:39,371,0.2881,0.0353,0.0,,8.1,0.0,13.09,-6.4,0.93,0.01,1,OK
2026-05-02 01:11:39,372,0.2713,0.0331,0.0,,7.45,0.0,11.75,-6.77,0.95,0.01,1,OK
2026-05-02 01:11:39,373,0.2895,0.0253,0.0,,6.86,0.0,11.75,-6.77,0.95,0.0,1,OK
2026-05-02 01:11:39,374,0.2855,0.0469,0.0,,6.31,0.0,10.76,-8.17,-0.07,0.0,1,OK
2026-05-02 01:11:40,375,0.306,0.0254,0.0,,5.8,0.0,10.76,-8.17,-0.07,0.0,1,OK
2026-05-02 01:11:40,376,0.2821,0.0462,0.0,,5.34,0.0,11.22,-4.79,-0.21,0.0,1,OK
2026-05-02 01:11:40,377,0.2883,0.0317,0.0,,4.91,0.0,11.22,-4.79,-0.21,0.0,1,OK
2026-05-02 01:11:40,378,0.2652,0.0543,0.0,,4.52,0.0,-4.07,6.24,-0.39,0.0,1,OK
2026-05-02 01:11:40,379,0.2941,0.0285,0.0,,4.16,0.0,-4.07,6.24,-0.39,0.0,1,OK
2026-05-02 01:11:40,380,0.295,0.0306,0.0,,3.82,0.0,11.36,-10.9,-0.67,0.0,1,OK
2026-05-02 01:11:40,381,0.2953,0.0551,0.0,,3.52,0.0,11.36,-10.9,-0.67,0.0,1,OK
2026-05-02 01:11:40,382,0.2875,0.0248,0.0,,3.24,0.0,-1.15,4.75,1.0,0.0,1,OK
2026-05-02 01:11:40,383,0.274,0.0398,0.0,,2.98,0.0,-1.15,4.75,1.0,0.0,1,OK
2026-05-02 01:11:40,384,0.2689,0.0302,0.0,,2.74,0.0,11.02,-12.59,-0.52,0.0,1,OK
2026-05-02 01:11:40,385,0.258,0.0268,0.0,,2.52,0.0,11.02,-12.59,-0.52,0.0,1,OK
2026-05-02 01:11:40,386,0.275,0.0434,0.0,,2.32,0.0,-1.69,6.2,0.29,0.0,1,OK
2026-05-02 01:11:40,387,0.3138,0.0388,0.0,,2.13,0.0,-1.69,6.2,0.29,0.0,1,OK
2026-05-02 01:11:40,388,0.2817,0.0311,0.0,,1.96,0.0,11.62,-14.39,-0.59,0.0,1,OK
2026-05-02 01:11:40,389,0.2885,0.0309,0.0,,1.81,0.0,11.62,-14.39,-0.59,0.0,1,OK
2026-05-02 01:11:40,390,0.2812,0.0391,0.0,,1.66,0.0,-0.24,7.4,0.34,0.0,1,OK
2026-05-02 01:11:40,391,0.2861,0.037,0.0,,1.53,0.0,-0.24,7.4,0.34,0.0,1,OK
2026-05-02 01:11:40,392,0.2718,0.0391,0.0,,1.41,0.0,13.51,-13.67,-0.56,0.0,1,OK
2026-05-02 01:11:40,393,0.2713,0.0336,0.0,,1.29,0.0,13.51,-13.67,-0.56,0.0,1,OK
2026-05-02 01:11:40,394,0.2882,0.0424,0.0,,1.19,0.0,12.68,-12.38,0.07,0.0,1,OK
2026-05-02 01:11:40,395,0.2706,0.0301,0.0,,1.09,0.0,12.68,-12.38,0.07,0.0,1,OK
2026-05-02 01:11:40,396,0.2889,0.0277,0.0,,1.01,0.0,4.43,6.75,0.62,0.0,1,OK
2026-05-02 01:11:40,397,0.2886,0.0385,0.0,,0.93,0.0,4.43,6.75,0.62,0.0,1,OK
2026-05-02 01:11:40,398,0.2663,0.0293,0.0,,0.85,0.0,12.65,-11.07,-0.5,0.0,1,OK
2026-05-02 01:11:40,399,0.279,0.0248,0.0,,0.78,0.0,12.65,-11.07,-0.5,0.0,1,OK
2026-05-02 01:11:40,400,0.2807,0.0295,0.0,,0.72,0.0,12.1,-13.01,-0.14,0.0,1,OK
2026-05-02 01:11:40,401,0.2717,0.0432,0.0,,0.66,0.0,12.1,-13.01,-0.14,0.0,1,OK
2026-05-02 01:11:40,402,0.2706,0.0347,0.0,,0.61,0.0,13.88,-12.86,-0.16,0.0,1,OK
2026-05-02 01:11:40,403,0.2726,0.0263,0.0,,0.56,0.0,13.88,-12.86,-0.16,0.0,1,OK
2026-05-02 01:11:40,404,0.2834,0.0275,0.0,,0.52,0.0,15.03,-11.7,0.14,0.0,1,OK
2026-05-02 01:11:41,405,0.2705,0.0198,0.0,,0.48,0.0,15.03,-11.7,0.14,0.0,1,OK
2026-05-02 01:11:41,406,0.2834,0.0357,0.0,,0.44,0.0,14.45,-13.6,-0.14,0.0,1,OK
2026-05-02 01:11:41,407,0.2727,0.0258,0.0,,0.4,0.0,14.45,-13.6,-0.14,0.0,1,OK
2026-05-02 01:11:41,408,0.2868,0.0355,0.0,,0.37,0.0,14.65,-12.27,0.16,0.0,1,OK
2026-05-02 01:11:41,409,0.2904,0.0322,0.0,,0.34,0.0,14.65,-12.27,0.16,0.0,1,OK
2026-05-02 01:11:41,410,0.2685,0.0378,0.0,,0.31,0.0,18.77,-11.62,-0.51,0.0,1,OK
2026-05-02 01:11:41,411,0.2801,0.0527,0.0,,0.29,0.0,18.77,-11.62,-0.51,0.0,1,OK
2026-05-02 01:11:41,412,0.2761,0.0444,0.0,,0.27,0.0,3.0,8.91,0.52,0.0,1,OK
2026-05-02 01:11:41,413,0.2962,0.0455,0.0,,0.24,0.0,3.0,8.91,0.52,0.0,1,OK
2026-05-02 01:11:41,414,0.2832,0.0342,0.0,,0.22,0.0,16.06,-11.02,-0.6,0.0,1,OK
2026-05-02 01:11:41,415,0.2975,0.0549,0.0,,0.21,0.0,16.06,-11.02,-0.6,0.0,1,OK
2026-05-02 01:11:41,416,0.2961,0.0324,0.0,,0.19,0.0,15.55,-9.78,0.5,0.0,1,OK
2026-05-02 01:11:41,417,0.2991,0.0398,0.0,,0.17,0.0,15.55,-9.78,0.5,0.0,1,OK
2026-05-02 01:11:41,418,0.3035,0.0349,0.0,,0.16,0.0,14.21,-9.29,-0.48,0.0,1,OK
2026-05-02 01:11:41,419,0.3007,0.0386,0.0,,0.15,0.0,14.21,-9.29,-0.48,0.0,1,OK
2026-05-02 01:11:41,420,0.2879,0.0346,0.0,,0.14,0.0,13.77,-10.19,-0.23,0.0,1,OK
2026-05-02 01:11:41,421,0.2973,0.0404,0.0,,0.13,0.0,13.77,-10.19,-0.23,0.0,1,OK
2026-05-02 01:11:41,422,0.2983,0.0458,0.0,,0.12,0.0,13.85,-12.99,0.11,0.0,1,OK
2026-05-02 01:11:41,423,0.3019,0.0339,0.0,,0.11,0.0,13.85,-12.99,0.11,0.0,1,OK
2026-05-02 01:11:41,424,0.2966,0.051,0.0,,0.1,0.0,11.68,-9.85,-0.14,0.0,1,OK
2026-05-02 01:11:41,425,0.3136,0.0329,0.0,,0.09,0.0,11.68,-9.85,-0.14,0.0,1,OK
2026-05-02 01:11:41,426,0.2894,0.0423,0.0,,0.08,0.0,13.02,-10.8,-0.54,0.0,1,OK
2026-05-02 01:11:41,427,0.2877,0.0358,0.0,,0.08,0.0,13.02,-10.8,-0.54,0.0,1,OK
2026-05-02 01:11:41,428,0.2253,0.04,0.0,,0.07,0.0,14.05,-12.56,-0.67,0.0,1,OK
2026-05-02 01:11:41,429,0.2097,0.0314,0.0,,0.06,0.0,14.05,-12.56,-0.67,0.0,1,OK
2026-05-02 01:11:41,430,0.2349,0.0354,0.0,,0.06,0.0,1.65,6.36,0.68,0.0,1,OK
2026-05-02 01:11:41,431,0.2783,0.0323,0.0,,0.05,0.0,1.65,6.36,0.68,0.0,1,OK
2026-05-02 01:11:41,432,0.2958,0.0331,0.0,,0.05,0.0,14.24,-10.95,-0.41,0.0,1,OK
2026-05-02 01:11:41,433,0.2994,0.0313,0.0,,0.05,0.0,14.24,-10.95,-0.41,0.0,1,OK
2026-05-02 01:11:41,434,0.292,0.0389,0.0,,0.04,0.0,12.07,-10.93,-0.49,0.0,1,OK
2026-05-02 01:11:42,435,0.2984,0.0393,0.0,,0.04,0.0,12.07,-10.93,-0.49,0.0,1,OK
2026-05-02 01:11:42,436,0.2963,0.0308,0.0,,0.04,0.0,13.89,-10.06,-0.04,0.0,1,OK
2026-05-02 01:11:42,437,0.2989,0.0599,0.0,,0.03,0.0,13.89,-10.06,-0.04,0.0,1,OK
2026-05-02 01:11:42,438,0.3039,0.0403,0.0,,0.03,0.0,11.87,-13.12,-0.49,0.0,1,OK
2026-05-02 01:11:42,439,0.3012,0.038,0.0,,0.03,0.0,11.87,-13.12,-0.49,0.0,1,OK
2026-05-02 01:11:42,440,0.2865,0.0484,0.0,,0.03,0.0,12.88,-10.15,0.28,0.0,1,OK
2026-05-02 01:11:42,441,0.3071,0.0401,0.0,,0.02,0.0,12.88,-10.15,0.28,0.0,1,OK
2026-05-02 01:11:42,442,0.2982,0.0402,0.0,,0.02,0.0,12.95,-10.44,-0.43,0.0,1,OK
2026-05-02 01:11:42,443,0.2776,0.0429,0.0,,0.02,0.0,12.95,-10.44,-0.43,0.0,1,OK
2026-05-02 01:11:42,444,0.2847,0.0333,0.0,,0.02,0.0,12.42,-10.97,-0.02,0.0,1,OK
2026-05-02 01:11:42,445,0.2815,0.0434,0.0,,0.02,0.0,12.42,-10.97,-0.02,0.0,1,OK
2026-05-02 01:11:42,446,0.3008,0.0387,0.0,,0.02,0.0,13.38,-10.0,0.07,0.0,1,OK
2026-05-02 01:11:42,447,0.2906,0.0276,0.0,,0.01,0.0,13.38,-10.0,0.07,0.0,1,OK
2026-05-02 01:11:42,448,0.2982,0.0497,0.0,,0.01,0.0,11.63,-9.04,0.91,0.0,1,OK
2026-05-02 01:11:42,449,0.2872,0.0285,0.0,,0.01,0.0,11.63,-9.04,0.91,0.0,1,OK
2026-05-02 01:11:42,450,0.2758,0.0406,0.0,,0.01,0.0,13.23,-8.8,-0.31,0.0,1,OK
2026-05-02 01:11:42,451,0.2914,0.0431,0.0,,0.01,0.0,13.23,-8.8,-0.31,0.0,1,OK
2026-05-02 01:11:42,452,0.2905,0.0505,0.0,,0.01,0.0,12.29,-9.97,-0.3,0.0,1,OK
2026-05-02 01:11:42,453,0.2846,0.0318,0.0,,0.01,0.0,12.29,-9.97,-0.3,0.0,1,OK
2026-05-02 01:11:42,454,0.2858,0.0415,0.0,,0.01,0.0,12.64,-6.31,0.39,0.0,1,OK
2026-05-02 01:11:42,455,0.2809,0.0399,0.0,,0.01,0.0,12.64,-6.31,0.39,0.0,1,OK
2026-05-02 01:11:42,456,0.2781,0.0322,0.0,,0.01,0.0,12.14,-9.0,-0.28,0.0,1,OK
2026-05-02 01:11:42,457,0.282,0.0262,0.0,,0.01,0.0,12.14,-9.0,-0.28,0.0,1,OK
2026-05-02 01:11:42,458,0.2864,0.037,0.0,,0.01,0.0,12.07,-8.71,0.49,0.0,1,OK
2026-05-02 01:11:42,459,0.302,0.044,0.0,,0.01,0.0,12.07,-8.71,0.49,0.0,1,OK
2026-05-02 01:11:42,460,0.2893,0.0331,0.0,,0.0,0.0,12.57,-8.65,-0.28,0.0,1,OK
2026-05-02 01:11:42,461,0.2776,0.0401,0.0,,0.0,0.0,12.57,-8.65,-0.28,0.0,1,OK
2026-05-02 01:11:42,462,0.2812,0.0374,0.0,,0.0,0.0,13.61,-9.2,0.18,0.0,1,OK
2026-05-02 01:11:42,463,0.2845,0.0325,0.0,,0.0,0.0,13.61,-9.2,0.18,0.0,1,OK
2026-05-02 01:11:42,464,0.2847,0.0367,0.0,,0.0,0.0,13.09,-8.4,1.03,0.0,1,OK
2026-05-02 01:11:43,465,0.2872,0.0386,0.0,,0.0,0.0,13.09,-8.4,1.03,0.0,1,OK
2026-05-02 01:11:43,466,0.278,0.0333,0.0,,0.0,0.0,12.74,-9.46,0.48,0.0,1,OK
2026-05-02 01:11:43,467,0.2843,0.0315,0.0,,0.0,0.0,12.74,-9.46,0.48,0.0,1,OK
2026-05-02 01:11:43,468,0.2805,0.0356,0.0,,0.0,0.0,13.0,-8.21,0.74,0.0,1,OK
2026-05-02 01:11:43,469,0.282,0.034,0.0,,0.0,0.0,13.0,-8.21,0.74,0.0,1,OK
2026-05-02 01:11:43,470,0.2611,0.0329,0.0,,0.0,0.0,12.39,-9.19,-0.12,0.0,1,OK
2026-05-02 01:11:43,471,0.2371,0.027,0.0,,0.0,0.0,12.39,-9.19,-0.12,0.0,1,OK
2026-05-02 01:11:43,472,0.2012,0.0324,0.0,,0.46,0.033,11.43,-8.02,0.52,0.0,1,OK
2026-05-02 01:11:43,473,0.1922,0.0264,0.0,,1.56,0.065,11.43,-8.02,0.52,0.0,1,OK
2026-05-02 01:11:43,474,0.1956,0.0478,0.0,,2.23,0.098,11.05,-10.08,-0.91,0.0,1,OK
2026-05-02 01:11:43,475,0.1825,0.0458,0.0,,3.75,0.131,11.05,-10.08,-0.91,0.0,1,OK
2026-05-02 01:11:43,476,0.1933,0.0315,0.0,,4.2,0.163,12.06,-7.43,-0.13,0.0,1,OK
2026-05-02 01:11:43,477,0.1864,0.0495,0.0,,5.15,0.196,12.06,-7.43,-0.13,0.0,1,OK
2026-05-02 01:11:43,478,0.1892,0.0443,0.0458,,5.77,0.229,-0.65,8.08,0.14,0.0,1,OK
2026-05-02 01:11:43,479,0.2049,0.042,0.0523,,5.66,0.261,-0.65,8.08,0.14,0.0,1,OK
2026-05-02 01:11:43,480,0.1852,0.0406,0.0588,,6.76,0.294,12.1,-9.56,-0.84,0.0,1,OK
2026-05-02 01:11:43,481,0.2145,0.0311,0.0588,,6.22,0.0,12.1,-9.56,-0.84,0.0,1,OK
2026-05-02 01:11:43,482,0.1881,0.0345,0.0588,,6.03,0.033,14.23,-8.11,-0.76,0.0,1,OK
2026-05-02 01:11:43,483,0.1888,0.0427,0.0588,,5.89,0.065,14.23,-8.11,-0.76,0.0,1,OK
2026-05-02 01:11:43,484,0.1996,0.0299,0.0588,,5.63,0.098,12.72,-9.33,-0.54,0.0,1,OK
2026-05-02 01:11:43,485,0.1716,0.0232,0.0588,,6.71,0.131,12.72,-9.33,-0.54,0.0,1,OK
2026-05-02 01:11:43,486,0.1905,0.0422,0.0588,,6.62,0.163,11.85,-11.74,-1.03,0.0,1,OK
2026-05-02 01:11:43,487,0.1747,0.0208,0.0588,,7.53,0.196,11.85,-11.74,-1.03,0.0,1,OK
2026-05-02 01:11:43,488,0.1877,0.0423,0.1046,,7.58,0.229,12.36,-8.08,-0.4,0.0,1,OK
2026-05-02 01:11:43,489,0.2,0.041,0.1111,,7.49,0.261,12.36,-8.08,-0.4,0.0,1,OK
2026-05-02 01:11:43,490,0.2126,0.0305,0.1111,,6.98,0.0,11.48,-9.26,0.34,0.0,1,OK
2026-05-02 01:11:43,491,0.2124,0.0214,0.1111,,6.51,0.0,11.48,-9.26,0.34,0.0,1,OK
2026-05-02 01:11:43,492,0.1846,0.0361,0.1111,,6.44,0.033,1.16,8.48,-0.12,0.0,1,OK
2026-05-02 01:11:43,493,0.2059,0.026,0.1111,,6.02,0.0,1.16,8.48,-0.12,0.0,1,OK
2026-05-02 01:11:43,494,0.1948,0.032,0.1111,,5.83,0.033,12.06,-8.92,-0.72,0.0,1,OK
2026-05-02 01:11:44,495,0.2028,0.0317,0.1111,,5.57,0.065,12.06,-8.92,-0.72,0.0,1,OK
2026-05-02 01:11:44,496,0.2001,0.0339,0.1111,,5.42,0.098,10.52,-10.64,-1.18,0.0,1,OK
2026-05-02 01:11:44,497,0.1953,0.038,0.1111,,5.41,0.131,10.52,-10.64,-1.18,0.0,1,OK
2026-05-02 01:11:44,498,0.1945,0.0469,0.1111,,5.58,0.163,0.93,6.02,0.09,0.0,1,OK
2026-05-02 01:11:44,499,0.1907,0.0324,0.1111,,6.15,0.196,0.93,6.02,0.09,0.0,1,OK
2026-05-02 01:11:44,500,0.2014,0.0315,0.1569,,7.58,0.229,10.01,-9.51,0.36,0.0,1,OK
2026-05-02 01:11:44,501,0.1908,0.0221,0.1634,,9.65,0.261,10.01,-9.51,0.36,0.0,1,OK
2026-05-02 01:11:44,502,0.1905,0.0417,0.1699,,11.43,0.294,10.0,-8.77,-0.7,0.0,1,OK
2026-05-02 01:11:44,503,0.188,0.0472,0.1765,,13.19,0.326,10.0,-8.77,-0.7,0.0,1,OK
2026-05-02 01:11:44,504,0.2172,0.0486,0.1765,,12.74,0.0,2.37,7.62,-0.13,0.0,1,OK
2026-05-02 01:11:44,505,0.2413,0.0452,0.1765,,12.34,0.0,2.37,7.62,-0.13,0.0,1,OK
2026-05-02 01:11:44,506,0.2423,0.0514,0.1765,,11.96,0.0,0.61,7.11,0.28,0.0,1,OK
2026-05-02 01:11:44,507,0.2238,0.0365,0.1765,,11.62,0.0,0.61,7.11,0.28,0.0,1,OK
2026-05-02 01:11:44,508,0.2286,0.0438,0.1765,,11.3,0.0,11.6,-10.11,-0.63,0.0,1,OK
2026-05-02 01:11:44,509,0.2443,0.0295,0.1765,,11.01,0.0,11.6,-10.11,-0.63,0.0,1,OK
2026-05-02 01:11:44,510,0.2465,0.0432,0.1765,,10.74,0.0,11.13,-10.12,-0.2,0.0,1,OK
2026-05-02 01:11:44,511,0.2568,0.028,0.1765,,10.49,0.0,11.13,-10.12,-0.2,0.0,1,OK
2026-05-02 01:11:44,512,0.2751,0.0432,0.1765,,10.26,0.0,13.03,-10.7,-0.12,0.0,1,OK
2026-05-02 01:11:44,513,0.287,0.0326,0.1765,,10.05,0.0,13.03,-10.7,-0.12,0.0,1,OK
2026-05-02 01:11:44,514,0.2873,0.0399,0.1765,,9.86,0.0,12.82,-7.29,0.5,0.0,1,OK
2026-05-02 01:11:44,515,0.2678,0.0381,0.1765,,9.68,0.0,12.82,-7.29,0.5,0.0,1,OK
2026-05-02 01:11:44,516,0.2824,0.0353,0.1765,,9.52,0.0,11.49,-9.15,-0.08,0.0,1,OK
2026-05-02 01:11:44,517,0.2882,0.0322,0.1765,,9.37,0.0,11.49,-9.15,-0.08,0.0,1,OK
2026-05-02 01:11:44,518,0.2894,0.0339,0.1765,,9.23,0.0,13.09,-7.08,-0.23,0.0,1,OK
2026-05-02 01:11:44,519,0.3133,0.033,0.1765,,9.11,0.0,13.09,-7.08,-0.23,0.0,1,OK
2026-05-02 01:11:44,520,0.2906,0.0487,0.1765,,8.99,0.0,12.1,-12.08,0.03,0.0,1,OK
2026-05-02 01:11:44,521,0.2862,0.0339,0.1765,,8.88,0.0,12.1,-12.08,0.03,0.0,1,OK
2026-05-02 01:11:44,522,0.2904,0.0373,0.1765,,8.78,0.0,4.25,7.2,0.32,0.0,1,OK
2026-05-02 01:11:44,523,0.2844,0.0462,0.1765,,8.69,0.0,4.25,7.2,0.32,0.0,1,OK
2026-05-02 01:11:44,524,0.2953,0.0444,0.1765,,8.61,0.0,11.89,-10.35,0.34,0.0,1,OK
2026-05-02 01:11:45,525,0.2828,0.0439,0.1765,,8.53,0.0,11.89,-10.35,0.34,0.0,1,OK
2026-05-02 01:11:45,526,0.2898,0.0291,0.1765,,8.46,0.0,13.36,-8.98,-0.1,0.0,1,OK
2026-05-02 01:11:45,527,0.2921,0.0349,0.1765,,8.4,0.0,13.36,-8.98,-0.1,0.0,1,OK
2026-05-02 01:11:45,528,0.299,0.0317,0.1765,,8.34,0.0,12.09,-9.09,-0.12,0.0,1,OK
2026-05-02 01:11:45,529,0.2704,0.0225,0.1765,,8.28,0.0,12.09,-9.09,-0.12,0.0,1,OK
2026-05-02 01:11:45,530,0.2745,0.0345,0.1765,,8.23,0.0,11.94,-10.78,0.07,0.0,1,OK
2026-05-02 01:11:45,531,0.2816,0.0356,0.1788,,8.2,0.0,11.94,-10.78,0.07,0.0,1,OK
2026-05-02 01:11:45,532,0.2729,0.0292,0.1788,,8.18,0.0,13.81,-8.79,0.24,0.0,1,OK
2026-05-02 01:11:45,533,0.2745,0.0401,0.1788,,8.15,0.0,13.81,-8.79,0.24,0.0,1,OK
2026-05-02 01:11:45,534,0.2982,0.0421,0.1788,,8.13,0.0,11.34,-9.1,0.46,0.0,1,OK
2026-05-02 01:11:45,535,0.2854,0.0316,0.1788,,8.11,0.0,11.34,-9.1,0.46,0.0,1,OK
2026-05-02 01:11:45,536,0.2832,0.0331,0.1788,,8.09,0.0,10.81,-9.65,0.41,0.0,1,OK
2026-05-02 01:11:45,537,0.284,0.042,0.1788,,8.08,0.0,10.81,-9.65,0.41,0.0,1,OK
2026-05-02 01:11:45,538,0.2742,0.0337,0.1788,,8.06,0.0,13.05,-9.49,0.85,0.0,1,OK
2026-05-02 01:11:45,539,0.2877,0.0269,0.1788,,8.05,0.0,13.05,-9.49,0.85,0.0,1,OK
2026-05-02 01:11:45,540,0.2835,0.0477,0.1788,,8.03,0.0,11.03,-8.44,0.61,0.0,1,OK
2026-05-02 01:11:45,541,0.2904,0.0401,0.1788,,8.02,0.0,11.03,-8.44,0.61,0.0,1,OK
2026-05-02 01:11:45,542,0.2936,0.0345,0.1788,,8.01,0.0,10.95,-8.63,-0.26,0.0,1,OK
2026-05-02 01:11:45,543,0.2933,0.0476,0.1788,,8.0,0.0,10.95,-8.63,-0.26,0.0,1,OK
2026-05-02 01:11:45,544,0.2703,0.0394,0.1788,,7.99,0.0,11.56,-9.02,0.56,0.0,1,OK
2026-05-02 01:11:45,545,0.2985,0.0318,0.1788,,7.98,0.0,11.56,-9.02,0.56,0.0,1,OK
2026-05-02 01:11:45,546,0.2839,0.046,0.1788,,7.97,0.0,11.13,-10.56,0.16,0.0,1,OK
2026-05-02 01:11:45,547,0.2833,0.034,0.1788,,7.97,0.0,11.13,-10.56,0.16,0.0,1,OK
2026-05-02 01:11:45,548,0.2753,0.0306,0.1788,,7.96,0.0,12.73,-10.66,0.22,0.0,1,OK
2026-05-02 01:11:45,549,0.2716,0.0406,0.1788,,7.95,0.0,12.73,-10.66,0.22,0.0,1,OK
2026-05-02 01:11:45,550,0.2776,0.03,0.1788,,7.95,0.0,11.05,-9.63,0.49,0.0,1,OK
2026-05-02 01:11:45,551,0.2974,0.0382,0.1788,,7.94,0.0,11.05,-9.63,0.49,0.0,1,OK
2026-05-02 01:11:45,552,0.2873,0.0378,0.1788,,7.94,0.0,12.06,-10.88,0.47,0.0,1,OK
2026-05-02 01:11:45,553,0.2596,0.0437,0.1788,,7.93,0.0,12.06,-10.88,0.47,0.0,1,OK
2026-05-02 01:11:45,554,0.2811,0.0465,0.1788,,7.93,0.0,9.85,-8.8,0.4,0.0,1,OK
2026-05-02 01:11:46,555,0.2723,0.033,0.1788,,7.92,0.0,9.85,-8.8,0.4,0.0,1,OK
2026-05-02 01:11:46,556,0.275,0.0381,0.1788,,7.92,0.0,11.27,-10.25,0.07,0.0,1,OK
2026-05-02 01:11:46,557,0.2766,0.0382,0.1788,,7.92,0.0,11.27,-10.25,0.07,0.0,1,OK
2026-05-02 01:11:46,558,0.2891,0.0289,0.1788,,7.91,0.0,11.79,-11.57,0.42,0.0,1,OK
2026-05-02 01:11:46,559,0.2789,0.0392,0.1788,,7.91,0.0,11.79,-11.57,0.42,0.0,1,OK
2026-05-02 01:11:46,560,0.2714,0.0144,0.1788,,7.91,0.0,13.79,-9.15,0.65,0.0,1,OK
2026-05-02 01:11:46,561,0.2786,0.0407,0.1788,,7.91,0.0,13.79,-9.15,0.65,0.0,1,OK
2026-05-02 01:11:46,562,0.2843,0.0426,0.1788,,7.91,0.0,11.61,-11.13,-0.03,0.0,1,OK
2026-05-02 01:11:46,563,0.2819,0.0262,0.1788,,7.9,0.0,11.61,-11.13,-0.03,0.0,1,OK
2026-05-02 01:11:46,564,0.2721,0.0348,0.1788,,7.9,0.0,11.62,-10.07,0.31,0.0,1,OK
2026-05-02 01:11:46,565,0.2798,0.0169,0.1788,,7.9,0.0,11.62,-10.07,0.31,0.0,1,OK
2026-05-02 01:11:46,566,0.2956,0.0435,0.1788,,7.9,0.0,11.76,-11.4,0.45,0.0,1,OK
2026-05-02 01:11:46,567,0.2955,0.0398,0.1788,,7.9,0.0,11.76,-11.4,0.45,0.0,1,OK
2026-05-02 01:11:46,568,0.2892,0.0235,0.1788,,7.9,0.0,12.59,-9.72,0.57,0.0,1,OK
2026-05-02 01:11:46,569,0.2724,0.0426,0.1788,,7.89,0.0,12.59,-9.72,0.57,0.0,1,OK
2026-05-02 01:11:46,570,0.282,0.0279,0.1788,,7.89,0.0,13.11,-11.06,1.08,0.0,1,OK
2026-05-02 01:11:46,571,0.2819,0.0384,0.1788,,7.89,0.0,13.11,-11.06,1.08,0.0,1,OK
2026-05-02 01:11:46,572,0.2897,0.0367,0.1788,,7.89,0.0,12.07,-8.87,0.61,0.0,1,OK
2026-05-02 01:11:46,573,0.2981,0.0255,0.1788,,7.89,0.0,12.07,-8.87,0.61,0.0,1,OK
2026-05-02 01:11:46,574,0.3089,0.044,0.1788,,7.89,0.0,4.24,4.71,0.61,0.0,1,OK
2026-05-02 01:11:46,575,0.2772,0.0319,0.1788,,7.89,0.0,4.24,4.71,0.61,0.0,1,OK
2026-05-02 01:11:46,576,0.2847,0.0363,0.1788,,7.89,0.0,10.63,-11.86,-0.1,0.0,1,OK
2026-05-02 01:11:46,577,0.2956,0.0372,0.1788,,7.89,0.0,10.63,-11.86,-0.1,0.0,1,OK
2026-05-02 01:11:46,578,0.2687,0.0349,0.1788,,7.89,0.0,10.87,-11.97,0.68,0.0,1,OK
2026-05-02 01:11:46,579,0.2773,0.0343,0.1788,,7.89,0.0,10.87,-11.97,0.68,0.0,1,OK
2026-05-02 01:11:46,580,0.2884,0.0551,0.1788,,7.89,0.0,10.59,-12.84,0.39,0.0,1,OK
2026-05-02 01:11:46,581,0.2712,0.0244,0.1788,,7.89,0.0,10.59,-12.84,0.39,0.0,1,OK
2026-05-02 01:11:46,582,0.292,0.0414,0.1788,,7.89,0.0,3.08,5.13,0.98,0.0,1,OK
2026-05-02 01:11:46,583,0.2939,0.0339,0.1788,,7.89,0.0,3.08,5.13,0.98,0.0,1,OK
2026-05-02 01:11:46,584,0.2753,0.0359,0.1788,,7.88,0.0,11.24,-12.31,0.87,0.0,1,OK
2026-05-02 01:11:47,585,0.2935,0.0382,0.1788,,7.88,0.0,11.24,-12.31,0.87,0.0,1,OK
2026-05-02 01:11:47,586,0.295,0.0415,0.1788,,7.88,0.0,12.39,-9.8,-0.19,0.0,1,OK
2026-05-02 01:11:47,587,0.274,0.0374,0.1788,,7.88,0.0,12.39,-9.8,-0.19,0.0,1,OK
2026-05-02 01:11:47,588,0.2842,0.0347,0.1788,,7.88,0.0,3.18,6.84,0.86,0.0,1,OK
2026-05-02 01:11:47,589,0.2961,0.039,0.1788,,7.88,0.0,3.18,6.84,0.86,0.0,1,OK
2026-05-02 01:11:47,590,0.2838,0.0172,0.1788,,7.88,0.0,12.79,-9.24,0.15,0.0,1,OK
2026-05-02 01:11:47,591,0.2924,0.0331,0.1788,,7.88,0.0,12.79,-9.24,0.15,0.0,1,OK
2026-05-02 01:11:47,592,0.2846,0.0244,0.1788,,7.88,0.0,2.99,7.71,1.21,0.0,1,OK
2026-05-02 01:11:47,593,0.2816,0.038,0.1788,,7.88,0.0,2.99,7.71,1.21,0.0,1,OK
2026-05-02 01:11:47,594,0.2904,0.0309,0.1788,,7.88,0.0,11.5,-11.83,0.55,0.0,1,OK
2026-05-02 01:11:47,595,0.2865,0.0299,0.1788,,7.88,0.0,11.5,-11.83,0.55,0.0,1,OK
2026-05-02 01:11:47,596,0.2808,0.0397,0.1788,,7.88,0.0,11.54,-12.02,0.18,0.0,1,OK
2026-05-02 01:11:47,597,0.2877,0.0408,0.1788,,7.88,0.0,11.54,-12.02,0.18,0.0,1,OK
2026-05-02 01:11:47,598,0.2803,0.0545,0.1788,,7.88,0.0,11.49,-11.0,0.25,0.0,1,OK
2026-05-02 01:11:47,599,0.2839,0.0499,0.1788,,7.88,0.0,11.49,-11.0,0.25,0.0,1,OK
2026-05-02 01:11:47,600,0.2794,0.0368,0.1788,,7.88,0.0,3.59,5.66,0.56,0.0,1,OK
2026-05-02 01:11:47,601,0.2748,0.0235,0.1788,,7.88,0.0,3.59,5.66,0.56,0.0,1,OK
2026-05-02 01:11:47,602,0.2688,0.0472,0.1788,,7.88,0.0,2.61,5.58,0.89,0.0,1,OK
2026-05-02 01:11:47,603,0.2567,0.029,0.1788,,7.88,0.0,2.61,5.58,0.89,0.0,1,OK
2026-05-02 01:11:47,604,0.2462,0.0392,0.1788,,7.88,0.0,11.06,-9.7,0.02,0.0,1,OK
2026-05-02 01:11:47,605,0.2267,0.0348,0.1788,15.02,7.88,0.0,11.06,-9.7,0.02,0.0,1,OK
2026-05-02 01:11:47,606,0.2245,0.0398,0.1788,15.0,7.88,0.0,8.3,-9.89,0.1,0.0,1,OK
2026-05-02 01:11:47,607,0.2315,0.0363,0.1788,14.97,7.88,0.0,8.3,-9.89,0.1,0.0,1,OK
2026-05-02 01:11:47,608,0.2331,0.0552,0.1788,14.95,7.88,0.0,-1.45,7.11,0.14,0.0,1,OK
2026-05-02 01:11:47,609,0.2219,0.0591,0.1788,14.92,7.88,0.0,-1.45,7.11,0.14,0.0,1,OK
2026-05-02 01:11:47,610,0.2159,0.0345,0.1788,14.9,7.88,0.0,-0.0,7.52,0.97,0.0,1,OK
2026-05-02 01:11:47,611,0.2184,0.0487,0.1788,14.87,7.88,0.0,-0.0,7.52,0.97,0.0,1,OK
2026-05-02 01:11:47,612,0.2268,0.019,0.1788,14.85,7.88,0.0,0.52,6.67,0.38,0.0,1,OK
2026-05-02 01:11:47,613,0.2236,0.0411,0.1788,14.82,7.88,0.0,0.52,6.67,0.38,0.0,1,OK
2026-05-02 01:11:47,614,0.2133,0.0381,0.1788,14.8,7.88,0.0,-1.21,6.11,0.29,0.0,1,OK
2026-05-02 01:11:47,615,0.2075,0.0346,0.1788,14.78,7.88,0.0,-1.21,6.11,0.29,0.0,1,OK
2026-05-02 01:11:48,616,0.2191,0.046,0.1788,14.75,7.88,0.0,0.47,7.87,1.13,0.0,1,OK
2026-05-02 01:11:48,617,0.2237,0.0467,0.1788,14.73,7.88,0.0,0.47,7.87,1.13,0.0,1,OK
2026-05-02 01:11:48,618,0.2189,0.0461,0.1788,14.7,7.88,0.0,9.06,-9.09,0.8,0.0,1,OK
2026-05-02 01:11:48,619,0.2133,0.0473,0.1788,14.68,7.88,0.0,9.06,-9.09,0.8,0.0,1,OK
2026-05-02 01:11:48,620,0.2228,0.0271,0.1788,14.66,7.88,0.0,0.25,8.06,0.73,0.0,1,OK
2026-05-02 01:11:48,621,0.2347,0.0467,0.1788,14.63,7.88,0.0,0.25,8.06,0.73,0.0,1,OK
2026-05-02 01:11:48,622,0.2281,0.0377,0.1788,14.61,7.88,0.0,-0.64,7.24,-0.3,0.0,1,OK
2026-05-02 01:11:48,623,0.2188,0.0327,0.1722,14.59,7.83,0.0,-0.64,7.24,-0.3,0.0,1,OK
2026-05-02 01:11:48,624,0.2285,0.0578,0.1656,14.56,7.73,0.0,-1.22,8.53,0.47,0.0,1,OK
2026-05-02 01:11:48,625,0.2365,0.0293,0.1192,14.54,7.26,0.0,-1.22,8.53,0.47,0.0,1,OK
2026-05-02 01:11:48,626,0.213,0.0372,0.1192,14.52,6.83,0.0,-2.71,8.87,0.17,0.0,1,OK
2026-05-02 01:11:48,627,0.2308,0.0477,0.1192,14.49,6.44,0.0,-2.71,8.87,0.17,0.0,1,OK
2026-05-02 01:11:48,628,0.2212,0.0384,0.1192,14.47,6.08,0.0,-0.69,9.81,0.77,0.0,1,OK
2026-05-02 01:11:48,629,0.2134,0.0365,0.1192,14.45,5.75,0.0,-0.69,9.81,0.77,0.0,1,OK
2026-05-02 01:11:48,630,0.2153,0.0533,0.1192,14.42,5.44,0.0,-0.85,7.82,-0.12,0.0,1,OK
2026-05-02 01:11:48,631,0.2369,0.0476,0.1192,14.4,5.16,0.0,-0.85,7.82,-0.12,0.0,1,OK
2026-05-02 01:11:48,632,0.2336,0.0528,0.1192,14.38,4.9,0.0,-1.77,8.95,0.05,0.0,1,OK
2026-05-02 01:11:48,633,0.2145,0.0608,0.1126,14.36,4.61,0.0,-1.77,8.95,0.05,0.0,1,OK
2026-05-02 01:11:48,634,0.2273,0.0355,0.0662,14.33,4.24,0.0,-2.56,9.36,0.99,0.0,1,OK
2026-05-02 01:11:48,635,0.2368,0.053,0.0662,14.31,3.9,0.0,-2.56,9.36,0.99,0.0,1,OK
2026-05-02 01:11:48,636,0.2811,0.0377,0.0662,14.29,3.59,0.0,0.33,9.25,1.34,0.0,1,OK
2026-05-02 01:11:48,637,0.2651,0.0471,0.0662,14.27,3.3,0.0,0.33,9.25,1.34,0.0,1,OK
2026-05-02 01:11:48,638,0.2703,0.0606,0.0662,14.24,3.04,0.0,8.74,-7.48,1.11,0.0,1,OK
2026-05-02 01:11:48,639,0.2744,0.04,0.0662,14.22,2.79,0.0,8.74,-7.48,1.11,0.0,1,OK
2026-05-02 01:11:48,640,0.2647,0.0535,0.0662,14.2,2.57,0.0,-0.75,10.22,1.4,0.0,1,OK
2026-05-02 01:11:48,641,0.2673,0.0364,0.0662,14.18,2.37,0.0,-0.75,10.22,1.4,0.0,1,OK
2026-05-02 01:11:48,642,0.2892,0.0426,0.0662,14.16,2.18,0.0,2.16,9.88,1.43,0.0,1,OK
2026-05-02 01:11:48,643,0.2297,0.0429,0.0662,14.13,2.0,0.0,2.16,9.88,1.43,0.0,1,OK
2026-05-02 01:11:48,644,0.2484,0.0329,0.0662,14.11,1.84,0.0,1.18,9.17,1.5,0.0,1,OK
2026-05-02 01:11:49,645,0.2348,0.0551,0.0596,14.09,1.69,0.0,1.18,9.17,1.5,0.0,1,OK
2026-05-02 01:11:49,646,0.2267,0.0357,0.053,14.07,1.56,0.0,8.58,-5.99,0.97,0.0,1,OK
2026-05-02 01:11:49,647,0.2402,0.0497,0.0464,14.05,1.43,0.0,8.58,-5.99,0.97,0.0,1,OK
2026-05-02 01:11:49,648,0.2521,0.0427,0.0,14.02,1.32,0.0,0.55,10.41,1.19,0.0,1,OK
2026-05-02 01:11:49,649,0.2369,0.0627,0.0,14.0,1.21,0.0,0.55,10.41,1.19,0.0,1,OK
2026-05-02 01:11:49,650,0.2379,0.0458,0.0,13.98,1.12,0.0,-1.11,10.07,1.65,0.0,1,OK
2026-05-02 01:11:49,651,0.2404,0.0513,0.0,14.07,1.03,0.0,-1.11,10.07,1.65,0.0,1,OK
2026-05-02 01:11:49,652,0.2369,0.0521,0.0,14.05,0.95,0.0,-0.57,9.41,0.6,0.0,1,OK
2026-05-02 01:11:49,653,0.2318,0.0524,0.0,14.03,0.87,0.0,-0.57,9.41,0.6,0.0,1,OK
2026-05-02 01:11:49,654,0.2317,0.0533,0.0,14.01,0.8,0.0,0.43,9.06,1.14,0.0,1,OK
2026-05-02 01:11:49,655,0.222,0.0364,0.0,13.99,0.74,0.0,0.43,9.06,1.14,0.0,1,OK
2026-05-02 01:11:49,656,0.24,0.0512,0.0,13.97,0.68,0.0,-0.06,10.05,1.32,0.0,1,OK
2026-05-02 01:11:49,657,0.2269,0.0332,0.0,13.95,0.62,0.0,-0.06,10.05,1.32,0.0,1,OK
2026-05-02 01:11:49,658,0.2309,0.0559,0.0,13.92,0.57,0.0,0.79,8.9,1.32,0.0,1,OK
2026-05-02 01:11:49,659,0.2296,0.0449,0.0,13.9,0.53,0.0,0.79,8.9,1.32,0.0,1,OK
2026-05-02 01:11:49,660,0.2217,0.0377,0.0,13.88,0.49,0.0,-0.41,8.4,1.96,0.0,1,OK
2026-05-02 01:11:49,661,0.2242,0.0436,0.0,13.86,0.45,0.0,-0.41,8.4,1.96,0.0,1,OK
2026-05-02 01:11:49,662,0.2237,0.0297,0.0,13.84,0.41,0.0,0.91,9.62,0.88,0.0,1,OK
2026-05-02 01:11:49,663,0.2492,0.047,0.0,13.82,0.38,0.0,0.91,9.62,0.88,0.0,1,OK
2026-05-02 01:11:49,664,0.2342,0.0537,0.0,13.8,0.35,0.0,-1.87,8.67,1.21,0.0,1,OK
2026-05-02 01:11:49,665,0.2476,0.0534,0.0,13.78,0.32,0.0,-1.87,8.67,1.21,0.0,1,OK
2026-05-02 01:11:49,666,0.2317,0.0433,0.0,13.76,0.29,0.0,-1.06,9.09,2.05,0.0,1,OK
2026-05-02 01:11:49,667,0.2216,0.0474,0.0,13.74,0.27,0.0,-1.06,9.09,2.05,0.0,1,OK
2026-05-02 01:11:49,668,0.2289,0.0464,0.0,13.72,0.25,0.0,0.39,8.62,1.45,0.0,1,OK
2026-05-02 01:11:49,669,0.2273,0.036,0.0,13.7,0.23,0.0,0.39,8.62,1.45,0.0,1,OK
2026-05-02 01:11:49,670,0.2287,0.037,0.0,13.67,0.21,0.0,-2.79,9.65,1.23,0.0,1,OK
2026-05-02 01:11:49,671,0.2178,0.0499,0.0,13.65,0.19,0.0,-2.79,9.65,1.23,0.0,1,OK
2026-05-02 01:11:49,672,0.2365,0.0507,0.0,13.63,0.18,0.0,-0.42,9.08,1.73,0.0,1,OK
2026-05-02 01:11:49,673,0.2165,0.0555,0.0,13.61,0.16,0.0,-0.42,9.08,1.73,0.0,1,OK
2026-05-02 01:11:49,674,0.2317,0.0503,0.0,13.59,0.15,0.0,0.09,9.03,1.2,0.0,1,OK
2026-05-02 01:11:50,675,0.2357,0.0388,0.0,13.57,0.14,0.0,0.09,9.03,1.2,0.0,1,OK
2026-05-02 01:11:50,676,0.2308,0.0447,0.0,13.55,0.13,0.0,-0.2,8.33,2.55,0.0,1,OK
2026-05-02 01:11:50,677,0.2443,0.0393,0.0,13.53,0.12,0.0,-0.2,8.33,2.55,0.0,1,OK
2026-05-02 01:11:50,678,0.2252,0.0552,0.0,13.51,0.11,0.0,0.08,7.86,1.68,0.0,1,OK
2026-05-02 01:11:50,679,0.2203,0.0471,0.0,13.49,0.1,0.0,0.08,7.86,1.68,0.0,1,OK
2026-05-02 01:11:50,680,0.2221,0.0321,0.0,13.47,0.09,0.0,-0.26,8.0,1.64,0.0,1,OK
2026-05-02 01:11:50,681,0.2198,0.0319,0.0,13.45,0.08,0.0,-0.26,8.0,1.64,0.0,1,OK
2026-05-02 01:11:50,682,0.2179,0.0666,0.0,13.43,0.08,0.0,-0.52,8.48,1.95,0.0,1,OK
2026-05-02 01:11:50,683,0.1878,0.0372,0.0,13.42,1.41,0.033,-0.52,8.48,1.95,0.0,1,OK
2026-05-02 01:11:50,684,0.1913,0.0426,0.0,13.4,2.24,0.065,0.59,9.58,0.4,0.0,1,OK
2026-05-02 01:11:50,685,0.1851,0.0367,0.0,13.38,3.39,0.098,0.59,9.58,0.4,0.0,1,OK
2026-05-02 01:11:50,686,0.1784,0.0324,0.0,13.36,4.79,0.131,8.06,-9.33,0.75,0.0,1,OK
2026-05-02 01:11:50,687,0.1891,0.0374,0.0,13.34,5.16,0.163,8.06,-9.33,0.75,0.0,1,OK
2026-05-02 01:11:50,688,0.2011,0.0447,0.0,13.32,5.07,0.196,-0.06,9.1,0.96,0.0,1,OK
2026-05-02 01:11:50,689,0.2082,0.0484,0.0,15.96,4.67,0.0,-0.06,9.1,0.96,0.0,1,OK
2026-05-02 01:11:50,690,0.2535,0.0369,0.0,15.93,4.29,0.0,0.99,6.87,1.54,0.0,1,OK
2026-05-02 01:11:50,691,0.2665,0.0496,0.0,15.91,3.95,0.0,0.99,6.87,1.54,0.0,1,OK
2026-05-02 01:11:50,692,0.2596,0.0413,0.0,15.89,3.63,0.0,-0.36,7.27,1.78,0.0,1,OK
2026-05-02 01:11:50,693,0.2647,0.0678,0.0,15.87,3.34,0.0,-0.36,7.27,1.78,0.0,1,OK
2026-05-02 01:11:50,694,0.2643,0.0427,0.0,15.84,3.08,0.0,1.38,6.88,1.9,0.0,1,OK
2026-05-02 01:11:50,695,0.2789,0.0493,0.0,15.82,2.83,0.0,1.38,6.88,1.9,0.0,1,OK
2026-05-02 01:11:50,696,0.2664,0.0381,0.0,15.8,2.6,0.0,9.32,-11.58,1.61,0.0,1,OK
2026-05-02 01:11:50,697,0.2662,0.0491,0.0,15.78,2.4,0.0,9.32,-11.58,1.61,0.0,1,OK
2026-05-02 01:11:50,698,0.2517,0.0473,0.0,15.75,2.2,0.0,1.56,7.97,2.26,0.0,1,OK
2026-05-02 01:11:50,699,0.2528,0.0552,0.0,15.73,2.03,0.0,1.56,7.97,2.26,0.0,1,OK
2026-05-02 01:11:50,700,0.2426,0.0396,0.0,15.71,1.87,0.0,11.0,-10.47,1.49,0.0,1,OK
2026-05-02 01:11:50,701,0.2704,0.0357,0.0,15.69,1.72,0.0,11.0,-10.47,1.49,0.0,1,OK
2026-05-02 01:11:50,702,0.2692,0.0471,0.0,15.66,1.58,0.0,14.38,-7.68,1.43,0.0,1,OK
2026-05-02 01:11:50,703,0.2686,0.0233,0.0,15.64,1.45,0.0,14.38,-7.68,1.43,0.0,1,OK
2026-05-02 01:11:50,704,0.2673,0.0153,0.0,15.62,1.34,0.0,24.98,-7.97,1.92,0.0,1,OK
2026-05-02 01:11:50,705,0.2691,0.0197,0.0,15.6,1.23,0.0,24.98,-7.97,1.92,0.0,1,OK
2026-05-02 01:11:51,706,0.273,0.0034,0.0,15.57,1.13,0.0,33.7,-9.39,1.03,0.0,1,OK
2026-05-02 01:11:51,707,0.2732,0.0032,0.0,15.55,1.04,0.0,33.7,-9.39,1.03,0.0,1,OK
2026-05-02 01:11:51,708,0.2783,0.0172,0.0,15.53,0.96,0.0,40.13,-8.3,1.8,0.0,1,OK
2026-05-02 01:11:51,709,0.281,0.0097,0.0,15.51,0.88,0.0,40.13,-8.3,1.8,0.0,1,OK
2026-05-02 01:11:51,710,0.2949,0.0077,0.0,15.49,0.81,0.0,46.66,-8.78,2.51,0.0,1,OK
2026-05-02 01:11:51,711,0.2902,0.0061,0.0,15.46,0.75,0.0,46.66,-8.78,2.51,0.0,1,OK
2026-05-02 01:11:51,712,0.2852,0.0055,0.0,15.44,0.69,0.0,48.38,-10.54,1.58,0.0,1,OK
2026-05-02 01:11:51,713,0.3077,0.0048,0.0,15.42,0.63,0.0,48.38,-10.54,1.58,0.0,1,OK
2026-05-02 01:11:51,714,0.3072,0.0089,0.0,15.4,0.58,0.0,49.96,-10.98,0.66,0.0,1,OK
2026-05-02 01:11:51,715,0.2872,0.0035,0.0,15.38,0.53,0.0,49.96,-10.98,0.66,0.0,1,OK
2026-05-02 01:11:51,716,0.3081,0.0134,0.0,15.36,0.49,0.0,48.59,-11.1,1.5,0.0,1,OK
2026-05-02 01:11:51,717,0.2909,0.0048,0.0,15.34,0.45,0.0,48.59,-11.1,1.5,0.0,1,OK
2026-05-02 01:11:51,718,0.2932,0.007,0.0,15.31,0.42,0.0,52.33,-10.02,0.76,0.0,1,OK
2026-05-02 01:11:51,719,0.2994,0.0058,0.0,15.29,0.38,0.0,52.33,-10.02,0.76,0.0,1,OK
2026-05-02 01:11:51,720,0.3055,0.0024,0.0,15.27,0.35,0.0,51.72,-11.13,0.7,0.0,1,OK
2026-05-02 01:11:51,721,0.3078,0.012,0.0,15.25,0.32,0.0,51.72,-11.13,0.7,0.0,1,OK
2026-05-02 01:11:51,722,0.3027,0.0031,0.0,15.23,0.3,0.0,50.73,-11.29,1.19,0.0,1,OK
2026-05-02 01:11:51,723,0.3021,0.0098,0.0,15.21,0.27,0.0,50.73,-11.29,1.19,0.0,1,OK
2026-05-02 01:11:51,724,0.2937,0.0058,0.0,15.19,0.25,0.0,51.14,-8.59,1.45,0.0,1,OK
2026-05-02 01:11:51,725,0.2989,0.0084,0.0,15.17,0.23,0.0,51.14,-8.59,1.45,0.0,1,OK
2026-05-02 01:11:51,726,0.3144,0.0115,0.0,15.15,0.21,0.0,51.79,-10.63,-0.6,0.0,1,OK
2026-05-02 01:11:51,727,0.3016,0.0068,0.0,15.13,0.2,0.0,51.79,-10.63,-0.6,0.0,1,OK
2026-05-02 01:11:51,728,0.305,0.0127,0.0,15.1,0.19,0.0,51.93,-10.54,0.41,0.06,1,OK
2026-05-02 01:11:51,729,0.3049,0.0024,0.0,15.08,0.2,0.0,51.93,-10.54,0.41,0.22,1,OK
2026-05-02 01:11:51,730,0.3012,0.015,0.0,15.06,0.29,0.0,51.64,-9.9,1.06,0.45,1,OK
2026-05-02 01:11:51,731,0.2926,0.0058,0.0,15.04,0.45,0.0,51.64,-9.9,1.06,0.75,1,OK
2026-05-02 01:11:51,732,0.3086,0.0105,0.0,15.02,0.67,0.0,51.6,-8.88,0.89,1.08,1,OK
2026-05-02 01:11:51,733,0.3028,0.0126,0.0,15.0,0.96,0.0,51.6,-8.88,0.89,1.49,1,OK
2026-05-02 01:11:51,734,0.3179,0.0028,0.0,14.98,1.3,0.0,51.92,-9.23,0.84,1.93,1,OK
2026-05-02 01:11:52,735,0.3005,0.0039,0.0,14.96,1.67,0.0,51.92,-9.23,0.84,2.37,1,OK
2026-05-02 01:11:52,736,0.3059,0.0067,0.0,14.94,2.07,0.0,50.0,-9.42,0.66,2.82,1,OK
2026-05-02 01:11:52,737,0.3122,0.0039,0.0,14.92,2.47,0.0,50.0,-9.42,0.66,3.22,1,OK
2026-05-02 01:11:52,738,0.3169,0.0137,0.0,14.9,2.88,0.0,51.37,-10.25,0.8,3.64,1,OK
2026-05-02 01:11:52,739,0.2969,0.0081,0.0,14.88,3.3,0.0,51.37,-10.25,0.8,4.08,1,OK
2026-05-02 01:11:52,740,0.3037,0.0036,0.0,14.86,3.72,0.0,50.84,-9.48,0.91,4.51,1,OK
2026-05-02 01:11:52,741,0.3157,0.0066,0.0,14.84,4.16,0.0,50.84,-9.48,0.91,4.96,1,OK
2026-05-02 01:11:52,742,0.308,0.0057,0.0,14.82,4.59,0.0,50.64,-10.41,-0.63,5.4,1,OK
2026-05-02 01:11:52,743,0.3163,0.0028,0.0,14.8,5.03,0.0,50.64,-10.41,-0.63,5.85,1,OK
2026-05-02 01:11:52,744,0.3224,0.0033,0.0,14.78,5.48,0.0,51.11,-10.42,0.59,6.31,1,OK
2026-05-02 01:11:52,745,0.3139,0.0031,0.0,14.76,5.93,0.0,51.11,-10.42,0.59,6.77,1,OK
2026-05-02 01:11:52,746,0.302,0.0023,0.0,14.74,6.4,0.0,50.24,-10.14,1.43,7.28,1,OK
2026-05-02 01:11:52,747,0.3193,0.0046,0.0,14.72,6.88,0.0,50.24,-10.14,1.43,7.78,1,OK
2026-05-02 01:11:52,748,0.3226,0.012,0.0,14.7,7.37,0.0,51.54,-11.39,0.16,8.27,1,OK
2026-05-02 01:11:52,749,0.3052,0.0097,0.0,14.68,7.85,0.0,51.54,-11.39,0.16,8.74,1,OK
2026-05-02 01:11:52,750,0.3089,0.0083,0.0,14.66,8.3,0.0,50.81,-11.5,0.3,9.15,1,OK
2026-05-02 01:11:52,751,0.3024,0.0077,0.0,14.64,8.75,0.0,50.81,-11.5,0.3,9.57,1,OK
2026-05-02 01:11:52,752,0.3082,0.0048,0.0,14.62,9.19,0.0,53.44,-10.27,0.64,10.01,1,OK
2026-05-02 01:11:52,753,0.3114,0.0032,0.0,14.6,9.64,0.0,53.44,-10.27,0.64,10.46,1,OK
2026-05-02 01:11:52,754,0.3122,0.0072,0.0,14.58,10.08,0.0,50.92,-10.02,0.33,10.91,1,OK
2026-05-02 01:11:52,755,0.3084,0.015,0.0,14.56,10.53,0.0,50.92,-10.02,0.33,11.36,1,OK
2026-05-02 01:11:52,756,0.3042,0.0042,0.0,14.55,10.98,0.0,51.95,-9.1,0.56,11.81,1,OK
2026-05-02 01:11:52,757,0.3078,0.0096,0.0,14.53,11.43,0.0,51.95,-9.1,0.56,12.27,1,OK
2026-05-02 01:11:52,758,0.3187,0.01,0.0,14.51,11.91,0.0,53.62,-10.25,1.18,12.8,1,OK
2026-05-02 01:11:52,759,0.2988,0.0023,0.0,14.49,12.4,0.0,53.62,-10.25,1.18,13.32,1,OK
2026-05-02 01:11:52,760,0.3131,0.0191,0.0,14.47,12.9,0.0,52.72,-11.26,1.5,13.81,1,OK
2026-05-02 01:11:52,761,0.3174,0.0041,0.0,14.45,13.39,0.0,52.72,-11.26,1.5,14.3,1,OK
2026-05-02 01:11:52,762,0.3066,0.0024,0.0,14.43,13.88,0.0,51.74,-10.14,1.56,14.79,1,OK
2026-05-02 01:11:52,763,0.2991,0.0118,0.0,14.41,14.34,0.0,51.74,-10.14,1.56,15.19,1,OK
2026-05-02 01:11:52,764,0.3162,0.0057,0.0,14.39,14.78,0.0,49.96,-9.12,0.89,15.61,1,OK
2026-05-02 01:11:53,765,0.3102,0.0118,0.0,14.37,15.22,0.0,49.96,-9.12,0.89,16.04,1,OK
2026-05-02 01:11:53,766,0.3023,0.0065,0.0,14.36,15.66,0.0,49.46,-9.18,1.28,16.48,1,OK
2026-05-02 01:11:53,767,0.3016,0.0015,0.0,14.34,16.11,0.0,49.46,-9.18,1.28,16.93,1,OK
2026-05-02 01:11:53,768,0.3074,0.0051,0.0,14.32,16.55,0.0,48.97,-8.81,0.87,17.37,1,OK
2026-05-02 01:11:53,769,0.3099,0.006,0.0,14.3,16.99,0.0,48.97,-8.81,0.87,17.81,1,OK
2026-05-02 01:11:53,770,0.3139,0.0139,0.0,14.28,17.44,0.0,50.53,-9.97,0.67,18.26,1,OK
2026-05-02 01:11:53,771,0.3092,0.0072,0.0,14.11,17.92,0.0,50.53,-9.97,0.67,18.81,1,OK
2026-05-02 01:11:53,772,0.3171,0.0025,0.0,14.09,18.41,0.0,49.66,-9.78,0.11,19.34,1,OK
2026-05-02 01:11:53,773,0.31,0.0046,0.0,14.07,18.92,0.0,49.66,-9.78,0.11,19.85,1,OK
2026-05-02 01:11:53,774,0.3159,0.0072,0.0,14.06,19.42,0.0,49.75,-9.0,0.9,20.35,1,OK
2026-05-02 01:11:53,775,0.3049,0.0072,0.0,14.04,19.92,0.0,49.75,-9.0,0.9,20.85,1,OK
2026-05-02 01:11:53,776,0.32,0.0073,0.0,14.02,20.38,0.0,51.11,-9.87,1.43,21.24,1,OK
2026-05-02 01:11:53,777,0.3144,0.015,0.0,14.0,20.83,0.0,51.11,-9.87,1.43,21.66,1,OK
2026-05-02 01:11:53,778,0.3149,0.0098,0.0,13.98,21.27,0.0,49.35,-8.75,0.68,22.09,1,OK
2026-05-02 01:11:53,779,0.3098,0.0071,0.0,13.96,21.71,0.0,49.35,-8.75,0.68,22.52,1,OK
2026-05-02 01:11:53,780,0.2947,0.0078,0.0,13.95,22.12,0.0,51.18,-8.96,1.35,22.89,1,OK
2026-05-02 01:11:53,781,0.3126,0.0114,0.0,13.93,22.49,0.0,51.18,-8.96,1.35,23.17,1,OK
2026-05-02 01:11:53,782,0.3044,0.0032,0.0,13.91,22.8,0.0,50.45,-11.0,1.37,23.38,1,OK
2026-05-02 01:11:53,783,0.3203,0.0064,0.0,13.89,23.06,0.0,50.45,-11.0,1.37,23.53,1,OK
2026-05-02 01:11:53,784,0.3034,0.0084,0.0,13.88,23.26,0.0,51.74,-10.34,0.47,23.65,1,OK
2026-05-02 01:11:53,785,0.2995,0.0017,0.0,13.86,23.43,0.0,51.74,-10.34,0.47,23.74,1,OK
2026-05-02 01:11:53,786,0.3033,0.0101,0.0,13.84,23.56,0.0,48.99,-8.34,0.96,23.8,1,OK
2026-05-02 01:11:53,787,0.3157,0.0034,0.0,13.82,23.66,0.0,48.99,-8.34,0.96,23.85,1,OK
2026-05-02 01:11:53,788,0.3114,0.0112,0.0,13.81,23.74,0.0,48.57,-10.51,0.63,23.89,1,OK
2026-05-02 01:11:53,789,0.3064,0.0019,0.0,13.79,23.8,0.0,48.57,-10.51,0.63,23.92,1,OK
2026-05-02 01:11:53,790,0.3022,0.0011,0.0,13.77,23.85,0.0,47.98,-11.24,0.67,23.94,1,OK
2026-05-02 01:11:53,791,0.3072,0.0104,0.0,13.75,23.89,0.0,47.98,-11.24,0.67,23.95,1,OK
2026-05-02 01:11:53,792,0.2982,0.0042,0.0,13.74,23.91,0.0,48.74,-11.3,-0.16,23.96,1,OK
2026-05-02 01:11:53,793,0.3079,0.0252,0.0,13.72,23.93,0.0,48.74,-11.3,-0.16,23.97,1,OK
2026-05-02 01:11:53,794,0.3167,0.0025,0.0,13.7,23.95,0.0,48.33,-11.09,0.59,23.98,1,OK
2026-05-02 01:11:53,795,0.3027,0.0059,0.0,13.68,23.96,0.0,48.33,-11.09,0.59,23.99,1,OK
2026-05-02 01:11:54,796,0.3051,0.0028,0.0,13.67,23.97,0.0,48.71,-11.02,-0.17,23.99,1,OK
2026-05-02 01:11:54,797,0.3082,0.0028,0.0,13.65,23.98,0.0,48.71,-11.02,-0.17,23.99,1,OK
2026-05-02 01:11:54,798,0.3033,0.0043,0.0,13.63,23.98,0.0,49.13,-9.12,1.4,23.99,1,OK
2026-05-02 01:11:54,799,0.2936,0.0021,0.0,13.62,23.99,0.0,49.13,-9.12,1.4,24.0,1,OK
2026-05-02 01:11:54,800,0.2791,0.0093,0.0,13.6,23.99,0.0,48.47,-10.93,0.13,24.0,1,OK
2026-05-02 01:11:54,801,0.2618,0.0151,0.0,13.58,23.99,0.0,48.47,-10.93,0.13,24.0,1,OK
2026-05-02 01:11:54,802,0.2366,0.0033,0.0,13.56,23.99,0.0,46.46,-10.65,1.87,24.0,1,OK
2026-05-02 01:11:54,803,0.2614,0.0022,0.0,13.55,24.0,0.0,46.46,-10.65,1.87,24.0,1,OK
2026-05-02 01:11:54,804,0.2338,0.0074,0.0,13.53,24.0,0.0,40.54,-8.82,0.51,24.0,1,HIGH
2026-05-02 01:11:54,805,0.2325,0.0066,0.0,13.51,24.0,0.0,40.54,-8.82,0.51,24.0,1,HIGH
2026-05-02 01:11:54,806,0.2276,0.0111,0.0,13.5,24.0,0.0,33.42,-9.99,0.87,24.0,1,HIGH
2026-05-02 01:11:54,807,0.2043,0.0078,0.0,13.48,24.24,0.033,33.42,-9.99,0.87,24.0,1,HIGH
2026-05-02 01:11:54,808,0.2051,0.0176,0.0,13.46,24.22,0.0,27.9,-6.74,1.78,24.0,1,HIGH
2026-05-02 01:11:54,809,0.2097,0.026,0.0,13.45,24.2,0.0,27.9,-6.74,1.78,24.0,1,HIGH
2026-05-02 01:11:54,810,0.2226,0.0244,0.0,13.43,24.19,0.0,19.11,-3.58,1.56,24.0,1,HIGH
2026-05-02 01:11:54,811,0.2015,0.0314,0.0,13.41,24.55,0.033,19.11,-3.58,1.56,24.0,1,HIGH
2026-05-02 01:11:54,812,0.1948,0.0308,0.0,13.4,25.44,0.066,16.87,-3.9,1.31,24.0,1,HIGH
2026-05-02 01:11:54,813,0.1958,0.0276,0.0,13.38,26.15,0.099,16.87,-3.9,1.31,24.0,1,HIGH
2026-05-02 01:11:54,814,0.1834,0.0322,0.0,13.37,27.65,0.132,16.11,-1.56,1.06,24.0,1,HIGH
2026-05-02 01:11:54,815,0.1653,0.0363,0.0,13.35,30.06,0.165,16.11,-1.56,1.06,24.0,1,HIGH
2026-05-02 01:11:54,816,0.2034,0.0387,0.0,13.33,29.86,0.198,16.01,-1.23,1.7,24.0,1,HIGH
2026-05-02 01:11:54,817,0.1719,0.0259,0.0464,13.32,31.43,0.231,16.01,-1.23,1.7,24.0,1,HIGH
2026-05-02 01:11:54,818,0.1834,0.0246,0.053,13.3,31.86,0.264,18.33,-4.87,1.05,24.0,1,HIGH
2026-05-02 01:11:54,819,0.1826,0.0395,0.0596,13.28,32.38,0.297,18.33,-4.87,1.05,24.0,1,HIGH
2026-05-02 01:11:54,820,0.1889,0.0394,0.0662,13.27,32.44,0.33,15.82,-4.23,1.36,23.85,1,HIGH
2026-05-02 01:11:54,821,0.1834,0.0315,0.0728,13.25,32.87,0.364,15.82,-4.23,1.36,23.33,1,HIGH
2026-05-02 01:11:54,822,0.1875,0.0297,0.0795,13.24,32.85,0.397,15.52,-3.32,1.17,22.54,1,HIGH
2026-05-02 01:11:54,823,0.1883,0.0407,0.0861,13.22,32.78,0.43,15.52,-3.32,1.17,21.5,1,HIGH
2026-05-02 01:11:54,824,0.2014,0.0258,0.0927,13.2,32.45,0.463,17.39,-4.83,0.64,20.24,1,HIGH
2026-05-02 01:11:55,825,0.1742,0.0348,0.0993,13.19,32.68,0.496,17.39,-4.83,0.64,18.77,1,HIGH
2026-05-02 01:11:55,826,0.1927,0.0218,0.106,13.17,32.39,0.529,16.19,-5.23,1.72,17.13,1,HIGH
2026-05-02 01:11:55,827,0.2035,0.0353,0.1126,13.16,31.9,0.562,16.19,-5.23,1.72,15.34,1,HIGH
2026-05-02 01:11:55,828,0.1815,0.0393,0.1192,13.14,31.75,0.595,16.15,-4.1,1.3,13.45,1,HIGH
2026-05-02 01:11:55,829,0.1865,0.0446,0.1258,13.12,31.47,0.628,16.15,-4.1,1.3,11.48,1,HIGH
2026-05-02 01:11:55,830,0.181,0.0372,0.1325,13.11,31.23,0.661,17.44,-4.36,1.25,9.46,1,HIGH
2026-05-02 01:11:55,831,0.1926,0.0448,0.1391,13.09,30.58,0.694,17.44,-4.36,1.25,5.2,1,HIGH
2026-05-02 01:11:55,832,0.1991,0.0267,0.1457,13.08,29.8,0.727,13.54,-3.7,1.22,2.86,1,HIGH
2026-05-02 01:11:55,833,0.1984,0.0245,0.1523,13.06,29.08,0.76,13.54,-3.7,1.22,1.57,1,HIGH
2026-05-02 01:11:55,834,0.2015,0.0387,0.1589,13.05,28.42,0.793,16.44,-5.42,0.81,0.87,1,HIGH
2026-05-02 01:11:55,835,0.1807,0.03,0.1656,13.03,28.2,0.826,16.44,-5.42,0.81,0.48,1,HIGH
2026-05-02 01:11:55,836,0.1807,0.035,0.1722,13.01,28.07,0.859,14.46,-5.37,0.99,0.26,1,HIGH
2026-05-02 01:11:55,837,0.1729,0.0358,0.1788,13.0,28.5,0.892,14.46,-5.37,0.99,0.14,1,HIGH
2026-05-02 01:11:55,838,0.1845,0.029,0.1854,12.98,28.47,0.925,16.56,-3.63,0.88,0.08,1,HIGH
2026-05-02 01:11:55,839,0.2055,0.019,0.1854,15.13,26.88,0.0,16.56,-3.63,0.88,0.04,1,HIGH
2026-05-02 01:11:55,840,0.1992,0.0336,0.1854,15.11,25.55,0.033,16.5,-5.29,1.88,0.02,1,HIGH
2026-05-02 01:11:55,841,0.1826,0.0434,0.1854,15.09,24.63,0.066,16.5,-5.29,1.88,0.01,1,HIGH
2026-05-02 01:11:55,842,0.2087,0.0333,0.1854,17.23,23.34,0.0,17.54,-3.7,1.94,0.01,1,HIGH
2026-05-02 01:11:55,843,0.1793,0.0216,0.1854,17.21,22.6,0.033,17.54,-3.7,1.94,0.0,1,HIGH
2026-05-02 01:11:55,844,0.1893,0.0199,0.1854,17.19,21.81,0.066,18.62,-6.39,1.29,0.0,1,HIGH
2026-05-02 01:11:55,845,0.1965,0.0571,0.1854,17.17,21.02,0.099,18.62,-6.39,1.29,0.0,1,HIGH
2026-05-02 01:11:55,846,0.1963,0.0357,0.1854,17.15,20.33,0.132,18.34,-6.18,1.06,0.0,1,HIGH
2026-05-02 01:11:55,847,0.1668,0.0296,0.1854,17.13,20.21,0.165,18.34,-6.18,1.06,0.0,1,HIGH
2026-05-02 01:11:55,848,0.173,0.0291,0.1854,17.11,20.04,0.198,17.84,-4.79,2.32,0.0,1,HIGH
2026-05-02 01:11:55,849,0.1802,0.0318,0.2318,17.09,20.69,0.231,17.84,-4.79,2.32,0.0,1,HIGH
2026-05-02 01:11:55,850,0.2339,0.0318,0.2318,19.2,20.09,0.0,15.66,-5.3,1.9,0.0,1,HIGH
2026-05-02 01:11:55,851,0.2286,0.0269,0.2318,19.18,19.54,0.0,15.66,-5.3,1.9,0.0,1,HIGH
2026-05-02 01:11:55,852,0.2271,0.0337,0.2318,19.15,19.03,0.0,15.7,-6.76,1.9,0.0,1,HIGH
2026-05-02 01:11:55,853,0.234,0.0388,0.2318,19.13,18.56,0.0,15.7,-6.76,1.9,0.0,1,HIGH
2026-05-02 01:11:55,854,0.2505,0.0309,0.2318,19.11,18.13,0.0,18.0,-7.84,1.22,0.0,1,HIGH
2026-05-02 01:11:55,855,0.2775,0.0355,0.2318,19.09,17.74,0.0,18.0,-7.84,1.22,0.0,1,HIGH
2026-05-02 01:11:56,856,0.2793,0.0216,0.2318,19.07,17.37,0.0,16.37,-5.35,1.07,0.0,1,HIGH
2026-05-02 01:11:56,857,0.2814,0.0427,0.2318,19.04,17.04,0.0,16.37,-5.35,1.07,0.0,1,HIGH
2026-05-02 01:11:56,858,0.2868,0.0347,0.2318,19.02,16.73,0.0,15.33,-4.32,2.17,0.0,1,HIGH
2026-05-02 01:11:56,859,0.2765,0.0351,0.2318,19.0,16.44,0.0,15.33,-4.32,2.17,0.0,1,HIGH
2026-05-02 01:11:56,860,0.2909,0.0303,0.2318,18.98,16.18,0.0,16.07,-5.16,1.24,0.0,1,HIGH
2026-05-02 01:11:56,861,0.2719,0.0321,0.2318,18.95,15.94,0.0,16.07,-5.16,1.24,0.0,1,HIGH
2026-05-02 01:11:56,862,0.2685,0.0542,0.2318,18.93,15.72,0.0,13.22,-3.41,1.83,0.0,1,HIGH
2026-05-02 01:11:56,863,0.2854,0.0286,0.2318,18.91,15.52,0.0,13.22,-3.41,1.83,0.0,1,HIGH
2026-05-02 01:11:56,864,0.2847,0.0536,0.2318,18.89,15.33,0.0,14.08,-2.83,1.74,0.0,1,HIGH
2026-05-02 01:11:56,865,0.2804,0.037,0.2318,18.87,15.16,0.0,14.08,-2.83,1.74,0.0,1,HIGH
2026-05-02 01:11:56,866,0.2881,0.0379,0.2318,18.85,15.0,0.0,15.26,-4.91,1.41,0.0,1,HIGH
2026-05-02 01:11:56,867,0.2801,0.0575,0.2318,18.82,14.85,0.0,15.26,-4.91,1.41,0.0,1,HIGH
2026-05-02 01:11:56,868,0.3093,0.0469,0.2318,18.8,14.72,0.0,14.58,-4.09,1.36,0.0,1,HIGH
2026-05-02 01:11:56,869,0.2886,0.0426,0.2318,18.78,14.6,0.0,14.58,-4.09,1.36,0.0,1,HIGH
2026-05-02 01:11:56,870,0.2818,0.0354,0.2318,18.76,14.48,0.0,14.24,-4.72,0.96,0.0,1,HIGH
2026-05-02 01:11:56,871,0.2771,0.0531,0.2318,18.74,14.38,0.0,14.24,-4.72,0.96,0.0,1,HIGH
2026-05-02 01:11:56,872,0.2657,0.0349,0.2318,18.72,14.28,0.0,15.84,-4.82,1.28,0.0,1,HIGH
2026-05-02 01:11:56,873,0.264,0.0348,0.2318,18.69,14.19,0.0,15.84,-4.82,1.28,0.0,1,HIGH
2026-05-02 01:11:56,874,0.2778,0.0282,0.2318,18.67,14.11,0.0,16.51,-5.47,1.53,0.0,1,HIGH
2026-05-02 01:11:56,875,0.2538,0.0323,0.2318,18.65,14.04,0.0,16.51,-5.47,1.53,0.0,1,HIGH
2026-05-02 01:11:56,876,0.2596,0.0336,0.2318,18.63,13.97,0.0,16.72,-8.76,1.7,0.0,1,HIGH
2026-05-02 01:11:56,877,0.2647,0.0543,0.2318,18.61,13.91,0.0,16.72,-8.76,1.7,0.0,1,HIGH
2026-05-02 01:11:56,878,0.2596,0.0382,0.2318,18.59,13.85,0.0,16.09,-8.36,1.79,0.0,1,HIGH
2026-05-02 01:11:56,879,0.2616,0.0471,0.2318,18.57,13.79,0.0,16.09,-8.36,1.79,0.0,1,HIGH
2026-05-02 01:11:56,880,0.2726,0.0614,0.2318,18.55,13.75,0.0,14.79,-7.46,2.33,0.0,1,HIGH
2026-05-02 01:11:56,881,0.2646,0.0399,0.2318,18.52,13.7,0.0,14.79,-7.46,2.33,0.0,1,HIGH
2026-05-02 01:11:56,882,0.2838,0.0425,0.2318,18.5,13.66,0.0,15.67,-7.73,1.4,0.0,1,HIGH
2026-05-02 01:11:56,883,0.2497,0.0394,0.2318,18.48,13.62,0.0,15.67,-7.73,1.4,0.0,1,HIGH
2026-05-02 01:11:56,884,0.268,0.0384,0.2318,18.46,13.58,0.0,14.11,-7.64,2.03,0.0,1,HIGH
2026-05-02 01:11:56,885,0.2585,0.0505,0.2318,18.44,13.55,0.0,14.11,-7.64,2.03,0.0,1,OK
2026-05-02 01:11:57,886,0.2804,0.0531,0.2318,18.42,13.52,0.0,16.2,-7.84,1.07,0.0,1,OK
2026-05-02 01:11:57,887,0.2854,0.0387,0.2318,18.4,13.49,0.0,16.2,-7.84,1.07,0.0,1,OK
2026-05-02 01:11:57,888,0.2635,0.0479,0.2318,18.38,13.47,0.0,5.8,7.02,2.29,0.0,1,OK
2026-05-02 01:11:57,889,0.2781,0.0368,0.2318,18.36,13.45,0.0,5.8,7.02,2.29,0.0,1,OK
2026-05-02 01:11:57,890,0.2766,0.0485,0.2318,18.34,13.42,0.0,14.72,-4.74,1.42,0.0,1,OK
2026-05-02 01:11:57,891,0.2828,0.0475,0.2303,18.55,13.39,0.0,14.72,-4.74,1.42,0.0,1,OK
2026-05-02 01:11:57,892,0.2846,0.0459,0.2288,18.53,13.35,0.0,13.72,-5.0,1.33,0.0,1,OK
2026-05-02 01:11:57,893,0.2861,0.0483,0.2288,18.51,13.31,0.0,13.72,-5.0,1.33,0.0,1,OK
2026-05-02 01:11:57,894,0.2852,0.0408,0.2288,18.49,13.28,0.0,14.35,-6.24,0.92,0.0,1,OK
2026-05-02 01:11:57,895,0.2814,0.021,0.2288,18.47,13.25,0.0,14.35,-6.24,0.92,0.0,1,OK
2026-05-02 01:11:57,896,0.2992,0.0403,0.2288,18.45,13.22,0.0,12.86,-3.55,1.04,0.0,1,OK
2026-05-02 01:11:57,897,0.2936,0.0412,0.2288,18.43,13.19,0.0,12.86,-3.55,1.04,0.0,1,OK
2026-05-02 01:11:57,898,0.3077,0.0473,0.2288,18.41,13.16,0.0,12.76,-4.3,1.07,0.0,1,OK
2026-05-02 01:11:57,899,0.2881,0.0459,0.2288,18.39,13.14,0.0,12.76,-4.3,1.07,0.0,1,OK
2026-05-02 01:11:57,900,0.2907,0.0276,0.2288,18.37,13.12,0.0,15.02,-3.23,1.13,0.0,1,OK
2026-05-02 01:11:57,901,0.2987,0.0477,0.2288,18.34,13.1,0.0,15.02,-3.23,1.13,0.0,1,OK
2026-05-02 01:11:57,902,0.294,0.0374,0.2288,18.32,13.08,0.0,14.96,-3.22,1.82,0.0,1,OK
2026-05-02 01:11:57,903,0.2885,0.035,0.2288,18.3,13.07,0.0,14.96,-3.22,1.82,0.0,1,OK
2026-05-02 01:11:57,904,0.3175,0.0332,0.2288,18.28,13.05,0.0,13.01,-5.15,1.39,0.0,1,OK
2026-05-02 01:11:57,905,0.2996,0.0332,0.2288,18.26,13.04,0.0,13.01,-5.15,1.39,0.0,1,OK
2026-05-02 01:11:57,906,0.2978,0.0431,0.2288,18.24,13.02,0.0,13.43,-4.47,1.25,0.0,1,OK
2026-05-02 01:11:57,907,0.3052,0.0447,0.2288,18.22,13.01,0.0,13.43,-4.47,1.25,0.0,1,OK
2026-05-02 01:11:57,908,0.3035,0.0361,0.2288,18.2,13.0,0.0,12.55,-2.36,1.63,0.0,1,OK
2026-05-02 01:11:57,909,0.2796,0.0208,0.2288,18.18,12.99,0.0,12.55,-2.36,1.63,0.0,1,OK
2026-05-02 01:11:57,910,0.2746,0.0269,0.2288,18.16,12.98,0.0,13.67,-3.16,1.47,0.0,1,OK
2026-05-02 01:11:57,911,0.2835,0.0384,0.2288,18.14,12.97,0.0,13.67,-3.16,1.47,0.0,1,OK
2026-05-02 01:11:57,912,0.2981,0.0361,0.2288,18.12,12.97,0.0,14.44,-5.52,1.16,0.0,1,OK
2026-05-02 01:11:57,913,0.301,0.0418,0.2288,18.1,12.96,0.0,14.44,-5.52,1.16,0.0,1,OK
2026-05-02 01:11:57,914,0.298,0.0343,0.2288,18.08,12.95,0.0,14.88,-5.79,1.11,0.0,1,OK
2026-05-02 01:11:57,915,0.294,0.0431,0.2288,18.06,12.95,0.0,14.88,-5.79,1.11,0.0,1,OK
2026-05-02 01:11:58,916,0.2908,0.0414,0.2288,18.04,12.94,0.0,14.31,-3.44,1.38,0.0,1,OK
2026-05-02 01:11:58,917,0.2934,0.06,0.2288,18.03,12.93,0.0,14.31,-3.44,1.38,0.0,1,OK
2026-05-02 01:11:58,918,0.3035,0.0373,0.2288,18.01,12.93,0.0,13.55,-6.14,1.36,0.0,1,OK
2026-05-02 01:11:58,919,0.2942,0.0521,0.2288,17.99,12.93,0.0,13.55,-6.14,1.36,0.0,1,OK
2026-05-02 01:11:58,920,0.2933,0.0429,0.2288,17.97,12.92,0.0,14.11,-3.57,1.35,0.0,1,OK
2026-05-02 01:11:58,921,0.2898,0.0328,0.2288,17.95,12.92,0.0,14.11,-3.57,1.35,0.0,1,OK
2026-05-02 01:11:58,922,0.2905,0.0368,0.2288,17.93,12.91,0.0,13.14,-3.79,1.27,0.0,1,OK
2026-05-02 01:11:58,923,0.2954,0.0413,0.2288,17.91,12.91,0.0,13.14,-3.79,1.27,0.0,1,OK
2026-05-02 01:11:58,924,0.2943,0.0487,0.2288,17.89,12.91,0.0,14.42,-5.76,1.33,0.0,1,OK
2026-05-02 01:11:58,925,0.286,0.0473,0.2288,17.87,12.91,0.0,14.42,-5.76,1.33,0.0,1,OK
2026-05-02 01:11:58,926,0.2969,0.0435,0.2288,17.85,12.9,0.0,14.19,-4.38,1.37,0.0,1,OK
2026-05-02 01:11:58,927,0.3011,0.0424,0.2288,17.83,12.9,0.0,14.19,-4.38,1.37,0.0,1,OK
2026-05-02 01:11:58,928,0.2987,0.0458,0.2288,17.81,12.9,0.0,12.76,-3.22,0.91,0.0,1,OK
2026-05-02 01:11:58,929,0.2829,0.0296,0.2288,17.79,12.9,0.0,12.76,-3.22,0.91,0.0,1,OK
2026-05-02 01:11:58,930,0.2942,0.0443,0.2288,17.77,12.9,0.0,12.75,0.58,1.72,0.0,1,OK
2026-05-02 01:11:58,931,0.2791,0.0354,0.2288,17.75,12.89,0.0,12.75,0.58,1.72,0.0,1,OK
2026-05-02 01:11:58,932,0.2827,0.05,0.2288,17.74,12.89,0.0,13.7,-3.18,0.36,0.0,1,OK
2026-05-02 01:11:58,933,0.2859,0.0396,0.2288,17.72,12.89,0.0,13.7,-3.18,0.36,0.0,1,OK
2026-05-02 01:11:58,934,0.2782,0.0392,0.2288,17.7,12.89,0.0,11.3,-2.07,1.05,0.0,1,OK
2026-05-02 01:11:58,935,0.2748,0.0453,0.2288,17.68,12.89,0.0,11.3,-2.07,1.05,0.0,1,OK
2026-05-02 01:11:58,936,0.2934,0.0432,0.2288,17.66,12.89,0.0,13.31,-4.3,0.15,0.0,1,OK
2026-05-02 01:11:58,937,0.298,0.0518,0.2288,17.64,12.89,0.0,13.31,-4.3,0.15,0.0,1,OK
2026-05-02 01:11:58,938,0.2733,0.0378,0.2288,17.62,12.89,0.0,13.19,-3.15,1.21,0.0,1,OK
2026-05-02 01:11:58,939,0.2788,0.0368,0.2288,17.6,12.89,0.0,13.19,-3.15,1.21,0.0,1,OK
2026-05-02 01:11:58,940,0.2707,0.053,0.2288,17.58,12.88,0.0,3.25,10.71,0.64,0.0,1,OK
2026-05-02 01:11:58,941,0.2897,0.0443,0.2288,17.57,12.88,0.0,3.25,10.71,0.64,0.0,1,OK
2026-05-02 01:11:58,942,0.287,0.0305,0.2288,17.55,12.88,0.0,14.49,-3.71,1.1,0.0,1,OK
2026-05-02 01:11:58,943,0.303,0.046,0.2288,17.53,12.88,0.0,14.49,-3.71,1.1,0.0,1,OK
2026-05-02 01:11:58,944,0.2766,0.0564,0.2288,17.51,12.88,0.0,9.9,0.34,1.23,0.0,1,OK
2026-05-02 01:11:58,945,0.2732,0.0439,0.2288,17.49,12.88,0.0,9.9,0.34,1.23,0.0,1,OK
2026-05-02 01:11:59,946,0.2985,0.0318,0.2288,17.47,12.88,0.0,11.44,-4.39,0.94,0.0,1,OK
2026-05-02 01:11:59,947,0.2907,0.0324,0.2288,17.45,12.88,0.0,11.44,-4.39,0.94,0.0,1,OK
2026-05-02 01:11:59,948,0.3034,0.0613,0.2288,17.44,12.88,0.0,11.54,-2.88,1.38,0.0,1,OK
2026-05-02 01:11:59,949,0.296,0.0418,0.2288,17.42,12.88,0.0,11.54,-2.88,1.38,0.0,1,OK
2026-05-02 01:11:59,950,0.288,0.0481,0.2288,17.4,12.88,0.0,13.44,-4.16,0.64,0.0,1,OK
2026-05-02 01:11:59,951,0.2948,0.0508,0.2288,17.38,12.88,0.0,13.44,-4.16,0.64,0.0,1,OK
2026-05-02 01:11:59,952,0.2958,0.0471,0.2288,17.36,12.88,0.0,12.6,-2.9,1.2,0.0,1,OK
2026-05-02 01:11:59,953,0.2834,0.0384,0.2288,17.35,12.88,0.0,12.6,-2.9,1.2,0.0,1,OK
2026-05-02 01:11:59,954,0.3005,0.0375,0.2288,17.33,12.88,0.0,3.84,9.21,0.58,0.0,1,OK
2026-05-02 01:11:59,955,0.3125,0.0314,0.2288,17.31,12.88,0.0,3.84,9.21,0.58,0.0,1,OK
2026-05-02 01:11:59,956,0.2928,0.042,0.2288,17.29,12.88,0.0,3.54,9.55,0.44,0.0,1,OK
2026-05-02 01:11:59,957,0.2924,0.037,0.2288,17.27,12.88,0.0,3.54,9.55,0.44,0.0,1,OK
2026-05-02 01:11:59,958,0.3029,0.0344,0.2288,17.25,12.88,0.0,11.37,-2.79,1.39,0.0,1,OK
2026-05-02 01:11:59,959,0.284,0.0392,0.2288,17.24,12.88,0.0,11.37,-2.79,1.39,0.0,1,OK
2026-05-02 01:11:59,960,0.2932,0.0267,0.2288,17.22,12.88,0.0,12.65,-2.68,0.61,0.0,1,OK
2026-05-02 01:11:59,961,0.2764,0.0382,0.2288,17.2,12.88,0.0,12.65,-2.68,0.61,0.0,1,OK
2026-05-02 01:11:59,962,0.2876,0.0356,0.2288,17.18,12.88,0.0,14.62,-5.29,0.78,0.0,1,OK
2026-05-02 01:11:59,963,0.2602,0.0239,0.2288,17.17,12.88,0.0,14.62,-5.29,0.78,0.0,1,OK
2026-05-02 01:11:59,964,0.2568,0.047,0.2222,17.15,12.82,0.0,12.05,-3.47,0.41,0.0,1,OK
2026-05-02 01:11:59,965,0.2936,0.046,0.2157,17.13,12.72,0.0,12.05,-3.47,0.41,0.0,1,OK
2026-05-02 01:11:59,966,0.2931,0.0389,0.2092,17.11,12.58,0.0,16.86,-5.29,1.27,0.0,1,OK
2026-05-02 01:11:59,967,0.2682,0.0356,0.2026,17.09,12.39,0.0,16.86,-5.29,1.27,0.0,1,OK
2026-05-02 01:11:59,968,0.2916,0.0304,0.1961,17.08,12.17,0.0,14.92,-3.6,1.08,0.0,1,OK
2026-05-02 01:11:59,969,0.2716,0.0437,0.1895,17.06,11.91,0.0,14.92,-3.6,1.08,0.0,1,OK
2026-05-02 01:11:59,970,0.2798,0.0313,0.183,17.04,11.62,0.0,13.73,-6.58,-1.35,0.0,1,OK
2026-05-02 01:11:59,971,0.2866,0.052,0.1765,17.02,11.31,0.0,13.73,-6.58,-1.35,0.0,1,OK
2026-05-02 01:11:59,972,0.2812,0.0422,0.1699,17.01,10.96,0.0,12.74,-5.13,-1.43,0.0,1,OK
2026-05-02 01:11:59,973,0.2659,0.0318,0.1634,16.99,10.59,0.0,12.74,-5.13,-1.43,0.0,1,OK
2026-05-02 01:11:59,974,0.2851,0.0276,0.1569,16.97,10.2,0.0,13.35,-6.74,-2.13,0.0,1,OK
2026-05-02 01:11:59,975,0.2548,0.042,0.1503,16.95,9.79,0.0,13.35,-6.74,-2.13,0.0,1,OK
2026-05-02 01:12:00,976,0.2434,0.0181,0.1438,16.94,9.35,0.0,16.05,-9.17,-3.5,0.0,1,OK
2026-05-02 01:12:00,977,0.2205,0.0201,0.1373,16.92,8.9,0.0,16.05,-9.17,-3.5,0.0,1,OK
2026-05-02 01:12:00,978,0.2415,0.0322,0.1307,16.9,8.44,0.0,11.88,-10.46,-3.56,0.0,1,OK
2026-05-02 01:12:00,979,0.2395,0.019,0.1242,16.88,7.96,0.0,11.88,-10.46,-3.56,0.0,1,OK
2026-05-02 01:12:00,980,0.2539,0.0296,0.1176,16.87,7.46,0.0,12.46,-13.68,-2.8,0.0,1,OK
2026-05-02 01:12:00,981,0.2366,0.0338,0.1111,16.85,6.95,0.0,12.46,-13.68,-2.8,0.0,1,OK
2026-05-02 01:12:00,982,0.2534,0.0151,0.1046,16.83,6.43,0.0,10.94,-12.16,-3.03,0.0,1,OK
2026-05-02 01:12:00,983,0.2167,0.0349,0.098,16.82,5.92,0.0,10.94,-12.16,-3.03,0.0,1,OK
2026-05-02 01:12:00,984,0.2349,0.0219,0.0915,16.8,5.44,0.0,12.69,-13.46,-2.51,0.0,1,OK
2026-05-02 01:12:00,985,0.2263,0.032,0.0458,16.78,5.01,0.0,12.69,-13.46,-2.51,0.0,1,OK
2026-05-02 01:12:00,986,0.2772,0.0212,0.0458,16.77,4.61,0.0,11.93,-15.85,-2.38,0.0,1,OK
2026-05-02 01:12:00,987,0.2261,0.0143,0.0458,16.75,4.24,0.0,11.93,-15.85,-2.38,0.0,1,OK
2026-05-02 01:12:00,988,0.2053,0.0141,0.0458,16.73,3.9,0.0,10.3,-16.16,-2.67,0.0,1,OK
2026-05-02 01:12:00,989,0.2456,0.0241,0.0458,16.71,3.59,0.0,10.3,-16.16,-2.67,0.0,1,OK
2026-05-02 01:12:00,990,0.2525,0.0244,0.0458,16.7,3.3,0.0,9.52,-13.66,-1.74,0.0,1,OK
2026-05-02 01:12:00,991,0.2247,0.0294,0.0458,16.68,3.04,0.0,9.52,-13.66,-1.74,0.0,1,OK
